time,open,high,low,close
2017-08-17T00:00:00Z,4261.48,4485.39,4200.74,4285.08
2017-08-18T00:00:00Z,4285.08,4371.52,3938.77,4108.37
2017-08-19T00:00:00Z,4108.37,4184.69,3850,4139.98
2017-08-20T00:00:00Z,4120.98,4211.08,4032.62,4086.29
2017-08-21T00:00:00Z,4069.13,4119.62,3911.79,4016
2017-08-22T00:00:00Z,4016,4104.82,3400,4040
2017-08-23T00:00:00Z,4040,4265.8,4013.89,4114.01
2017-08-24T00:00:00Z,4147,4371.68,4085.01,4316.01
2017-08-25T00:00:00Z,4316.01,4453.91,4247.48,4280.68
2017-08-26T00:00:00Z,4280.71,4367,4212.41,4337.44
2017-08-27T00:00:00Z,4332.51,4400,4285.54,4310.01
2017-08-28T00:00:00Z,4310.01,4399.82,4124.54,4386.69
2017-08-29T00:00:00Z,4353.65,4625.85,4313.55,4587.48
2017-08-30T00:00:00Z,4564.52,4647.51,4416.01,4555.14
2017-08-31T00:00:00Z,4555.14,4745.42,4555.14,4724.89
2017-09-01T00:00:00Z,4689.89,4885.55,4654.88,4834.91
2017-09-02T00:00:00Z,4796.16,4939.19,4286.87,4472.14
2017-09-03T00:00:00Z,4508.5,4714.76,4298.33,4509.08
2017-09-04T00:00:00Z,4505,4527.49,3972.51,4100.11
2017-09-05T00:00:00Z,4106.97,4484.99,3603,4366.47
2017-09-06T00:00:00Z,4366.49,4662.87,4335.26,4619.77
2017-09-07T00:00:00Z,4619.77,4788.59,4438.19,4691.61
2017-09-08T00:00:00Z,4691.66,4735.39,4028.93,4282.8
2017-09-09T00:00:00Z,4282.8,4426.62,4150.06,4258.81
2017-09-10T00:00:00Z,4258.81,4283,3801,4130.37
2017-09-11T00:00:00Z,4153.62,4334.43,4098.91,4208.47
2017-09-12T00:00:00Z,4208.6,4394.59,4040.8,4163.72
2017-09-13T00:00:00Z,4159.72,4165.38,3760,3944.69
2017-09-14T00:00:00Z,3944,3993,3165.13,3189.02
2017-09-15T00:00:00Z,3188.01,3856,2817,3700
2017-09-16T00:00:00Z,3674.01,3950,3470.66,3714.95
2017-09-17T00:00:00Z,3685.23,3748.21,3499.02,3699.99
2017-09-18T00:00:00Z,3690,4123.2,3690,4035.01
2017-09-19T00:00:00Z,4060,4089.97,3830.91,3910.04
2017-09-20T00:00:00Z,3910.04,4046.08,3820,3900
2017-09-21T00:00:00Z,3889.99,3910,3567,3609.99
2017-09-22T00:00:00Z,3592.84,3750,3505.55,3595.87
2017-09-23T00:00:00Z,3595.88,3817.19,3542.91,3780
2017-09-24T00:00:00Z,3779.54,3789.99,3622.76,3660.02
2017-09-25T00:00:00Z,3660.02,3979.87,3653.69,3920.75
2017-09-26T00:00:00Z,3928,3976.99,3850.05,3882.35
2017-09-27T00:00:00Z,3882.36,4249.94,3872.81,4193
2017-09-28T00:00:00Z,4192.11,4300,4101,4174.5
2017-09-29T00:00:00Z,4178.98,4263.86,3952.01,4174.69
2017-09-30T00:00:00Z,4175,4380,4138.1,4378.51
2017-10-01T00:00:00Z,4378.49,4406.52,4240.04,4378.48
2017-10-02T00:00:00Z,4400,4561.63,4360,4380
2017-10-03T00:00:00Z,4380,4467.33,4180.8,4310
2017-10-04T00:00:00Z,4314.9,4373,4142,4208.59
2017-10-05T00:00:00Z,4208.59,4355,4110,4292.43
2017-10-06T00:00:00Z,4318.99,4417,4292,4369
2017-10-07T00:00:00Z,4369,4479.5,4312.56,4423
2017-10-08T00:00:00Z,4425,4658,4425,4640
2017-10-09T00:00:00Z,4640,4889.98,4550,4786.95
2017-10-10T00:00:00Z,4786.95,4960,4680.59,4783.06
2017-10-11T00:00:00Z,4783.06,4881.61,4710,4821.43
2017-10-12T00:00:00Z,4821.43,5439.99,4810.16,5430
2017-10-13T00:00:00Z,5439.99,5846.17,5379.84,5649.98
2017-10-14T00:00:00Z,5650,5900,5580.01,5869.99
2017-10-15T00:00:00Z,5855.03,5922.3,5400.01,5709.99
2017-10-16T00:00:00Z,5710,5788.91,5585.19,5760.02
2017-10-17T00:00:00Z,5760,5774.98,5508.63,5595
2017-10-18T00:00:00Z,5595,5596,5037.95,5512.06
2017-10-19T00:00:00Z,5513,5710,5490.26,5683.9
2017-10-20T00:00:00Z,5683.31,6110,5600,6010.01
2017-10-21T00:00:00Z,6013.72,6171,5850.03,6024.97
2017-10-22T00:00:00Z,6003.27,6060,5720.03,5950.02
2017-10-23T00:00:00Z,5975,6080,5621.03,5915.93
2017-10-24T00:00:00Z,5909.47,5925,5450,5477.03
2017-10-25T00:00:00Z,5506.92,5704.96,5286.98,5689.99
2017-10-26T00:00:00Z,5670.1,5939.99,5650,5861.77
2017-10-27T00:00:00Z,5861.77,5980,5649.24,5768.83
2017-10-28T00:00:00Z,5768.79,5850.02,5630.03,5719.64
2017-10-29T00:00:00Z,5709.98,6189.88,5648.01,6169.98
2017-10-30T00:00:00Z,6133.01,6248.68,6030,6120.5
2017-10-31T00:00:00Z,6120.52,6498.01,6100,6463
2017-11-01T00:00:00Z,6463,6774.67,6338.02,6753.98
2017-11-02T00:00:00Z,6753.98,7300,6685.1,7019.98
2017-11-03T00:00:00Z,7010.31,7346.34,6923,7115.04
2017-11-04T00:00:00Z,7115.02,7480.99,6901,7357.09
2017-11-05T00:00:00Z,7357.27,7590.25,7279.02,7345.01
2017-11-06T00:00:00Z,7345.1,7401,6906,6960.12
2017-11-07T00:00:00Z,6981.72,7198.49,6901,7064.04
2017-11-08T00:00:00Z,7070,7770.02,6651,7303
2017-11-09T00:00:00Z,7303.01,7392,7015,7079.99
2017-11-10T00:00:00Z,7079,7279.91,6255.01,6506.98
2017-11-11T00:00:00Z,6503,6797.98,6100,6245.05
2017-11-12T00:00:00Z,6245.05,6630,5325.01,5811.03
2017-11-13T00:00:00Z,5839.94,6697.47,5699.99,6465.99
2017-11-14T00:00:00Z,6465.99,6684.98,6311.07,6574.99
2017-11-15T00:00:00Z,6575.99,7298,6575.99,7240.06
2017-11-16T00:00:00Z,7240.14,7940,7076,7864.5
2017-11-17T00:00:00Z,7876.98,7989,7451,7699.19
2017-11-18T00:00:00Z,7680.01,7819.99,7422,7761.94
2017-11-19T00:00:00Z,7761.94,8123.15,7650.33,8038
2017-11-20T00:00:00Z,8057.11,8319.99,7954,8212
2017-11-21T00:00:00Z,8212.49,8400,7801,8119.51
2017-11-22T00:00:00Z,8091.09,8322.68,8091.09,8205.92
2017-11-23T00:00:00Z,8233.03,8260,8000,8019.99
2017-11-24T00:00:00Z,8019.97,8369,7850,8138
2017-11-25T00:00:00Z,8138.99,8734.78,8090,8700.01
2017-11-26T00:00:00Z,8700.04,9350,8604.72,9128.02
2017-11-27T00:00:00Z,9128,9654.28,9112.04,9650
2017-11-28T00:00:00Z,9650,9939,9570.5,9896.8
2017-11-29T00:00:00Z,9896.79,11300.03,8520,9687.88
2017-11-30T00:00:00Z,9687.88,10900,8850.8,9838.96
2017-12-01T00:00:00Z,9837,10898,9380,10782.99
2017-12-02T00:00:00Z,10775.04,11190,10620,10890.01
2017-12-03T00:00:00Z,10902.69,11825,10500,11165.41
2017-12-04T00:00:00Z,11165.41,11616,10802,11616
2017-12-05T00:00:00Z,11608,11853,11447.68,11699.99
2017-12-06T00:00:00Z,11698,13615.23,11665.58,13545.53
2017-12-07T00:00:00Z,13545.53,16649.96,13050,16533.11
2017-12-08T00:00:00Z,16552.9,17204.99,14015,15880
2017-12-09T00:00:00Z,15880,16269.3,12535,14699.97
2017-12-10T00:00:00Z,14699.97,15720.12,12368,14946.26
2017-12-11T00:00:00Z,14901.08,17470,14901.08,16560.02
2017-12-12T00:00:00Z,16560.04,16976.45,15875,16350
2017-12-13T00:00:00Z,16350,16546,14666.56,16020.42
2017-12-14T00:00:00Z,16046.58,16445,15450,16340
2017-12-15T00:00:00Z,16339.99,17991,16300.06,17516.81
2017-12-16T00:00:00Z,17516.81,19539,17190.01,19102.66
2017-12-17T00:00:00Z,19102.66,19798.68,18510,18860.02
2017-12-18T00:00:00Z,18865,19300,17029.98,18856.25
2017-12-19T00:00:00Z,18856.25,18950,16300,17295.2
2017-12-20T00:00:00Z,17295.2,17720.35,14777.66,16488.98
2017-12-21T00:00:00Z,16480.52,17309.5,14022,15492.64
2017-12-22T00:00:00Z,15514.03,15699.34,10961,13326.61
2017-12-23T00:00:00Z,13326.61,14950,12978.18,13300
2017-12-24T00:00:00Z,13300,13819.99,11640,13500
2017-12-25T00:00:00Z,13500,14300,12708,13699.34
2017-12-26T00:00:00Z,13699.34,16050,13533,15689.01
2017-12-27T00:00:00Z,15709.98,16498.05,14200.15,15459.99
2017-12-28T00:00:00Z,15459.97,15539.99,13150,14182.11
2017-12-29T00:00:00Z,14199.14,14981,13850,14378.9
2017-12-30T00:00:00Z,14378.99,14398.85,11750,12440.01
2017-12-31T00:00:00Z,12345.1,14050.11,12149.98,13716.36
2018-01-01T00:00:00Z,13715.65,13818.55,12750,13380
2018-01-02T00:00:00Z,13382.16,15473.49,12890.02,14675.11
2018-01-03T00:00:00Z,14690,15307.56,14150,14919.51
2018-01-04T00:00:00Z,14919.51,15280,13918.04,15059.54
2018-01-05T00:00:00Z,15059.56,17176.24,14600,16960.39
2018-01-06T00:00:00Z,16960.39,17143.13,16011.21,17069.79
2018-01-07T00:00:00Z,17069.79,17099.96,15610,16150.03
2018-01-08T00:00:00Z,16218.85,16322.3,12812,14902.54
2018-01-09T00:00:00Z,14902.54,15500,14011.05,14400
2018-01-10T00:00:00Z,14401,14955.66,13131.31,14907.09
2018-01-11T00:00:00Z,14940,14968.68,11400,13238.78
2018-01-12T00:00:00Z,13238.76,14109.78,12500,13740.01
2018-01-13T00:00:00Z,13749.95,14580,13706.15,14210
2018-01-14T00:00:00Z,14210,14339.5,12569.2,13474.99
2018-01-15T00:00:00Z,13477.98,14249.99,13147.79,13539.93
2018-01-16T00:00:00Z,13500,13542.93,9035,10900
2018-01-17T00:00:00Z,10899.99,11680.99,9037.94,10988.79
2018-01-18T00:00:00Z,10972.59,11878.82,10435.33,10961.97
2018-01-19T00:00:00Z,10960,11795,10360,11474.98
2018-01-20T00:00:00Z,11474.98,13099,11412.45,12799.94
2018-01-21T00:00:00Z,12799.8,12799.8,10965,11530
2018-01-22T00:00:00Z,11530,11926.35,9900.24,10760.05
2018-01-23T00:00:00Z,10760.05,11399,9905,10799.18
2018-01-24T00:00:00Z,10799.14,11570.48,10500,11349.99
2018-01-25T00:00:00Z,11349.96,11794.05,10950.21,11175.27
2018-01-26T00:00:00Z,11184.7,11643,10311.15,11089
2018-01-27T00:00:00Z,11089,11650,10842.69,11491
2018-01-28T00:00:00Z,11499.98,12244,11408,11879.95
2018-01-29T00:00:00Z,11879.95,11975.02,11139.55,11251
2018-01-30T00:00:00Z,11250.11,11308.42,9900,10237.51
2018-01-31T00:00:00Z,10230,10425.85,9700,10285.1
2018-02-01T00:00:00Z,10285.1,10335,8750.99,9224.52
2018-02-02T00:00:00Z,9224.52,9250,8010.02,8873.03
2018-02-03T00:00:00Z,8873.03,9473.01,8229,9199.96
2018-02-04T00:00:00Z,9199.96,9368,7930,8184.81
2018-02-05T00:00:00Z,8179.99,8382.8,6625,6939.99
2018-02-06T00:00:00Z,6939.63,7878,6000.01,7652.14
2018-02-07T00:00:00Z,7655.02,8476,7150.01,7599
2018-02-08T00:00:00Z,7599,7844,7572.09,7784.02
2018-02-09T00:00:00Z,7784.02,8738,7784.02,8683.93
2018-02-10T00:00:00Z,8683.92,9065.78,8120,8533.98
2018-02-11T00:00:00Z,8533.99,8549,7726.53,8063.88
2018-02-12T00:00:00Z,8063.82,8989,8053,8903
2018-02-13T00:00:00Z,8903,8950,8351,8539.9
2018-02-14T00:00:00Z,8535.17,9489.6,8533,9449.99
2018-02-15T00:00:00Z,9449.98,10219.5,9301.5,10000.09
2018-02-16T00:00:00Z,10000.89,10323.37,9666,10159.98
2018-02-17T00:00:00Z,10156.07,11075.07,10050,11039.55
2018-02-18T00:00:00Z,11039.55,11274,10080,10383.43
2018-02-19T00:00:00Z,10375.01,11250,10270.33,11153
2018-02-20T00:00:00Z,11147.11,11786.01,11100.59,11200.99
2018-02-21T00:00:00Z,11195.07,11304.03,10200,10437.6
2018-02-22T00:00:00Z,10439.02,10933.44,9679,9811.04
2018-02-23T00:00:00Z,9815.55,10435,9570.19,10131.04
2018-02-24T00:00:00Z,10131.04,10496.97,9352,9694.51
2018-02-25T00:00:00Z,9694.51,9847,9274.8,9590
2018-02-26T00:00:00Z,9590,10444.32,9350,10324
2018-02-27T00:00:00Z,10321,10870,10121,10569.04
2018-02-28T00:00:00Z,10584.33,11098,10300,10326.76
2018-03-01T00:00:00Z,10325.64,11060.41,10240,10920
2018-03-02T00:00:00Z,10923.36,11200,10770,11039
2018-03-03T00:00:00Z,11038.99,11544,11015.01,11464.48
2018-03-04T00:00:00Z,11464.47,11565,11050.02,11515
2018-03-05T00:00:00Z,11515,11710,11415.01,11454
2018-03-06T00:00:00Z,11455,11455,10555.48,10716.48
2018-03-07T00:00:00Z,10716.48,10899,9389.31,9910
2018-03-08T00:00:00Z,9910,10099,9060,9271.64
2018-03-09T00:00:00Z,9267.07,9410,8329,9227
2018-03-10T00:00:00Z,9230,9490,8667.07,8770.22
2018-03-11T00:00:00Z,8770.22,9740,8450,9533.57
2018-03-12T00:00:00Z,9533.57,9888.88,8780,9131.34
2018-03-13T00:00:00Z,9131.34,9474,8823,9150
2018-03-14T00:00:00Z,9151.92,9333.78,7900.28,8170
2018-03-15T00:00:00Z,8184.01,8430,7650,8240.98
2018-03-16T00:00:00Z,8240.98,8611.64,7900,8260
2018-03-17T00:00:00Z,8260,8348.62,7721.99,7824.8
2018-03-18T00:00:00Z,7824.01,8317.4,7322,8189.99
2018-03-19T00:00:00Z,8189,8705.23,8088.4,8600
2018-03-20T00:00:00Z,8595.01,9050,8280,8909.98
2018-03-21T00:00:00Z,8909.96,9177.01,8750.6,8885
2018-03-22T00:00:00Z,8884.82,9100,8465.1,8722.9
2018-03-23T00:00:00Z,8720,8909,8269,8898.03
2018-03-24T00:00:00Z,8898.04,8999.95,8491,8546.86
2018-03-25T00:00:00Z,8531.25,8669.85,8365.77,8470.15
2018-03-26T00:00:00Z,8470.14,8514.89,7831,8134.23
2018-03-27T00:00:00Z,8134.22,8215.94,7730,7795.51
2018-03-28T00:00:00Z,7795.51,8109,7728,7949.3
2018-03-29T00:00:00Z,7949.3,7975,6941.11,7090.14
2018-03-30T00:00:00Z,7090.16,7292.43,6600.1,6840.23
2018-03-31T00:00:00Z,6840.24,7223.36,6777,6923.91
2018-04-01T00:00:00Z,6922,7049.98,6430,6813.01
2018-04-02T00:00:00Z,6813.01,7125,6765,7056
2018-04-03T00:00:00Z,7063.97,7520,7011.01,7405.21
2018-04-04T00:00:00Z,7405.21,7427.52,6707,6796.1
2018-04-05T00:00:00Z,6796.1,6902,6566.69,6770.76
2018-04-06T00:00:00Z,6770,6850,6500,6601.39
2018-04-07T00:00:00Z,6601.39,7070,6586.28,6895.8
2018-04-08T00:00:00Z,6895.81,7109.13,6880,7018
2018-04-09T00:00:00Z,7011.04,7185,6611,6782.72
2018-04-10T00:00:00Z,6781.55,6890,6656,6843.9
2018-04-11T00:00:00Z,6839.56,6990,6787,6953.79
2018-04-12T00:00:00Z,6953.78,8012.23,6743.2,7923
2018-04-13T00:00:00Z,7922.99,8233.39,7732,7877.41
2018-04-14T00:00:00Z,7877.48,8186,7810,7999.01
2018-04-15T00:00:00Z,8004,8429.54,7999.02,8355
2018-04-16T00:00:00Z,8355.07,8419,7867,8064.92
2018-04-17T00:00:00Z,8064.92,8173.7,7825.4,7885.02
2018-04-18T00:00:00Z,7890.96,8236.43,7868,8173
2018-04-19T00:00:00Z,8173.99,8296,8080,8278
2018-04-20T00:00:00Z,8273.84,8930,8177.09,8856.98
2018-04-21T00:00:00Z,8852.12,9035,8565,8915.31
2018-04-22T00:00:00Z,8915.31,9020.67,8727.68,8787.02
2018-04-23T00:00:00Z,8785.7,8985,8745,8934.01
2018-04-24T00:00:00Z,8934,9731.01,8922,9619.99
2018-04-25T00:00:00Z,9618.96,9759.82,8730,8869.99
2018-04-26T00:00:00Z,8869.99,9307.48,8651.62,9266
2018-04-27T00:00:00Z,9267.03,9395,8889,8915.35
2018-04-28T00:00:00Z,8915.35,9427.48,8870,9348
2018-04-29T00:00:00Z,9348,9570.51,9163.74,9419
2018-04-30T00:00:00Z,9417.04,9458.64,9124.99,9246.01
2018-05-01T00:00:00Z,9246.01,9248.99,8800.49,9071.48
2018-05-02T00:00:00Z,9071.48,9268,8970.2,9247.84
2018-05-03T00:00:00Z,9247.81,9844,9168.4,9750
2018-05-04T00:00:00Z,9750,9830.04,9520.85,9713.99
2018-05-05T00:00:00Z,9714,10020,9682,9864
2018-05-06T00:00:00Z,9863.99,9970,9417.03,9659.01
2018-05-07T00:00:00Z,9661.02,9689.67,9181,9365
2018-05-08T00:00:00Z,9365,9475.7,9060.54,9187.56
2018-05-09T00:00:00Z,9178,9390,8965,9310
2018-05-10T00:00:00Z,9310,9395.12,8970,9002.2
2018-05-11T00:00:00Z,9002.21,9016.8,8341,8400
2018-05-12T00:00:00Z,8405.94,8646.88,8153,8465.94
2018-05-13T00:00:00Z,8475.44,8763.36,8298,8679.71
2018-05-14T00:00:00Z,8679.71,8879.99,8277,8663.34
2018-05-15T00:00:00Z,8663.37,8859.99,8401.3,8462
2018-05-16T00:00:00Z,8462,8488,8083.01,8330
2018-05-17T00:00:00Z,8330,8464,7979,8041.46
2018-05-18T00:00:00Z,8038.82,8273.21,7911.9,8239.81
2018-05-19T00:00:00Z,8238.01,8390.8,8095.73,8233.49
2018-05-20T00:00:00Z,8233.49,8609,8163.9,8526.98
2018-05-21T00:00:00Z,8526.97,8595.31,8305,8381.24
2018-05-22T00:00:00Z,8386.89,8400.18,7935.11,7977.11
2018-05-23T00:00:00Z,7977.12,8031.9,7425,7501.95
2018-05-24T00:00:00Z,7501.95,7730.73,7266.99,7575.01
2018-05-25T00:00:00Z,7578.99,7649.55,7308.15,7457
2018-05-26T00:00:00Z,7456.99,7620,7300,7333.96
2018-05-27T00:00:00Z,7334,7400,7231.11,7338.99
2018-05-28T00:00:00Z,7338.99,7437,7058.02,7099
2018-05-29T00:00:00Z,7099,7540,7032.95,7461.29
2018-05-30T00:00:00Z,7467.98,7569,7260.5,7375.96
2018-05-31T00:00:00Z,7382.07,7699,7327.51,7485.01
2018-06-01T00:00:00Z,7485.01,7608.55,7355.54,7521.01
2018-06-02T00:00:00Z,7521.01,7697.33,7437,7640.03
2018-06-03T00:00:00Z,7636.81,7786.69,7600,7714.26
2018-06-04T00:00:00Z,7714.26,7760.52,7446.5,7487
2018-06-05T00:00:00Z,7487,7679.49,7358,7625
2018-06-06T00:00:00Z,7626.64,7699,7467.05,7658.84
2018-06-07T00:00:00Z,7658.79,7765,7620,7691.08
2018-06-08T00:00:00Z,7691.08,7703.5,7531,7603.44
2018-06-09T00:00:00Z,7603.44,7683.98,7450,7491.73
2018-06-10T00:00:00Z,7491.73,7491.73,6622.81,6764.99
2018-06-11T00:00:00Z,6765,6922,6610,6872
2018-06-12T00:00:00Z,6872,6890.51,6435,6530
2018-06-13T00:00:00Z,6530,6627.6,6118.68,6292.78
2018-06-14T00:00:00Z,6292.78,6720,6260,6635.98
2018-06-15T00:00:00Z,6638.67,6666.66,6362.31,6388.9
2018-06-16T00:00:00Z,6380.01,6560,6320.86,6483.98
2018-06-17T00:00:00Z,6482.5,6589.03,6422,6449.61
2018-06-18T00:00:00Z,6444.06,6794.38,6380,6712.46
2018-06-19T00:00:00Z,6711.39,6841.74,6653,6741.21
2018-06-20T00:00:00Z,6740,6817.23,6551.81,6761.51
2018-06-21T00:00:00Z,6763.21,6795,6672.57,6718.84
2018-06-22T00:00:00Z,6717.69,6733.97,5918.94,6045
2018-06-23T00:00:00Z,6045.92,6260,6008.48,6149.98
2018-06-24T00:00:00Z,6149.98,6259.8,5750,6136.97
2018-06-25T00:00:00Z,6137.95,6350,6061.97,6252
2018-06-26T00:00:00Z,6252,6272.54,6035,6070.78
2018-06-27T00:00:00Z,6065.89,6190.43,5971,6133.73
2018-06-28T00:00:00Z,6134.73,6173.01,5827,5853.98
2018-06-29T00:00:00Z,5851.01,6300,5780,6197.92
2018-06-30T00:00:00Z,6197.92,6528.99,6186.03,6390.07
2018-07-01T00:00:00Z,6391.08,6441.06,6251,6356.81
2018-07-02T00:00:00Z,6360.82,6685,6271.62,6615.29
2018-07-03T00:00:00Z,6615.29,6679.35,6463.01,6513.86
2018-07-04T00:00:00Z,6511.01,6784.92,6441.11,6586.98
2018-07-05T00:00:00Z,6585.53,6712,6453.33,6529.2
2018-07-06T00:00:00Z,6529.2,6648.54,6425,6609.78
2018-07-07T00:00:00Z,6609.79,6818.16,6508.88,6756.98
2018-07-08T00:00:00Z,6753.48,6780,6667.44,6712.1
2018-07-09T00:00:00Z,6712.1,6802.06,6612.24,6662.12
2018-07-10T00:00:00Z,6662.78,6681,6263,6296.91
2018-07-11T00:00:00Z,6296.91,6406,6278.99,6378.07
2018-07-12T00:00:00Z,6378.07,6380.28,6070,6250.57
2018-07-13T00:00:00Z,6251.4,6350,6110,6214.57
2018-07-14T00:00:00Z,6214.57,6335,6178,6251.99
2018-07-15T00:00:00Z,6250.9,6395,6225.4,6353.01
2018-07-16T00:00:00Z,6354.15,6747.3,6330.4,6723.35
2018-07-17T00:00:00Z,6723.33,7468.99,6652.04,7317.44
2018-07-18T00:00:00Z,7317.44,7588.08,7225.38,7381.9
2018-07-19T00:00:00Z,7381.88,7576.28,7270,7466.21
2018-07-20T00:00:00Z,7468.86,7700,7273,7337.53
2018-07-21T00:00:00Z,7337.47,7458.47,7211,7398.78
2018-07-22T00:00:00Z,7399.25,7582.4,7335.5,7394.79
2018-07-23T00:00:00Z,7394.78,7833,7375,7721.01
2018-07-24T00:00:00Z,7721.65,8486,7696,8397.24
2018-07-25T00:00:00Z,8397.24,8491.77,8050,8175.64
2018-07-26T00:00:00Z,8175.63,8315.69,7850.06,7920
2018-07-27T00:00:00Z,7920,8285,7805,8188.57
2018-07-28T00:00:00Z,8188.57,8246.54,8067,8225.04
2018-07-29T00:00:00Z,8225.04,8294.51,8115,8211
2018-07-30T00:00:00Z,8210.99,8273,7866,8173.92
2018-07-31T00:00:00Z,8171.4,8180,7633,7730.93
2018-08-01T00:00:00Z,7735.67,7750,7430,7604.58
2018-08-02T00:00:00Z,7600.08,7709.46,7455.72,7525.71
2018-08-03T00:00:00Z,7525.71,7540,7282.44,7418.78
2018-08-04T00:00:00Z,7412.27,7494.81,6926,7009.84
2018-08-05T00:00:00Z,7009.84,7089.87,6882.29,7024.19
2018-08-06T00:00:00Z,7024.19,7160,6821,6934.82
2018-08-07T00:00:00Z,6935,7150.46,6670,6720.06
2018-08-08T00:00:00Z,6720.63,6721.54,6123,6285
2018-08-09T00:00:00Z,6283.27,6622.81,6178.6,6529.79
2018-08-10T00:00:00Z,6529.79,6575.88,6026.39,6144.01
2018-08-11T00:00:00Z,6148.13,6488,5971,6232.35
2018-08-12T00:00:00Z,6222.55,6472.3,6130,6308.33
2018-08-13T00:00:00Z,6308.56,6545,6145.04,6246.35
2018-08-14T00:00:00Z,6248.25,6250.33,5880,6188.08
2018-08-15T00:00:00Z,6188.08,6609,6172.11,6267.16
2018-08-16T00:00:00Z,6265.27,6480,6205.6,6311.75
2018-08-17T00:00:00Z,6316,6585,6285.4,6584.49
2018-08-18T00:00:00Z,6579.04,6620,6288,6387.96
2018-08-19T00:00:00Z,6387.96,6541,6300,6477.53
2018-08-20T00:00:00Z,6477.53,6530,6220,6254.84
2018-08-21T00:00:00Z,6251,6500,6235.08,6480
2018-08-22T00:00:00Z,6479.98,6882.54,6251.2,6360.89
2018-08-23T00:00:00Z,6362.57,6576.99,6342.28,6525.01
2018-08-24T00:00:00Z,6525,6725,6440.5,6681.64
2018-08-25T00:00:00Z,6686.98,6789,6650.61,6733.64
2018-08-26T00:00:00Z,6733.64,6775.27,6568,6700
2018-08-27T00:00:00Z,6700,6940.51,6646.5,6908.64
2018-08-28T00:00:00Z,6907.26,7135,6860,7076.11
2018-08-29T00:00:00Z,7077,7133.81,6912.34,7031.22
2018-08-30T00:00:00Z,7033.21,7063.63,6784.81,6984.84
2018-08-31T00:00:00Z,6984.84,7089,6888,7011.21
2018-09-01T00:00:00Z,7011.21,7275,7008.74,7200.01
2018-09-02T00:00:00Z,7201.57,7345.45,7127,7302.01
2018-09-03T00:00:00Z,7302,7338.28,7191.63,7263.02
2018-09-04T00:00:00Z,7263,7410,7227.17,7359.06
2018-09-05T00:00:00Z,7359.05,7397.3,6682,6700
2018-09-06T00:00:00Z,6697.27,6725,6265,6516.01
2018-09-07T00:00:00Z,6516.84,6544,6320,6395.54
2018-09-08T00:00:00Z,6395.54,6478,6111,6185.05
2018-09-09T00:00:00Z,6185.06,6441,6141.53,6250.81
2018-09-10T00:00:00Z,6252.26,6373.98,6221,6312
2018-09-11T00:00:00Z,6311.99,6404,6169.68,6294.91
2018-09-12T00:00:00Z,6293,6360,6192.37,6338.62
2018-09-13T00:00:00Z,6338.62,6535,6337.4,6487.38
2018-09-14T00:00:00Z,6487.39,6584.99,6385.62,6476.63
2018-09-15T00:00:00Z,6476.63,6565.45,6466.13,6514.96
2018-09-16T00:00:00Z,6514.96,6524.62,6370,6505
2018-09-17T00:00:00Z,6500.08,6533.84,6201,6248.69
2018-09-18T00:00:00Z,6248.69,6390,6224.98,6336.45
2018-09-19T00:00:00Z,6336.39,6517.7,6123,6391.89
2018-09-20T00:00:00Z,6392,6540,6325,6492
2018-09-21T00:00:00Z,6492,6784.86,6491,6759.02
2018-09-22T00:00:00Z,6759.01,6839.03,6627,6723.05
2018-09-23T00:00:00Z,6723.05,6788.23,6661.75,6708
2018-09-24T00:00:00Z,6706.81,6730,6557,6581.39
2018-09-25T00:00:00Z,6581.42,6584.01,6325.02,6447.54
2018-09-26T00:00:00Z,6445.11,6557.99,6379.7,6465.12
2018-09-27T00:00:00Z,6467.84,6750,6434,6689.13
2018-09-28T00:00:00Z,6689.12,6814.8,6540.88,6634.58
2018-09-29T00:00:00Z,6634.58,6636,6464.57,6596.38
2018-09-30T00:00:00Z,6597.66,6662,6533,6626.57
2018-10-01T00:00:00Z,6626.57,6667.09,6510,6611.61
2018-10-02T00:00:00Z,6610,6640,6494,6525.79
2018-10-03T00:00:00Z,6525.79,6549,6430,6510
2018-10-04T00:00:00Z,6510.01,6643.46,6505.09,6593.79
2018-10-05T00:00:00Z,6591.69,6697,6543.08,6635.65
2018-10-06T00:00:00Z,6635.65,6651,6566.77,6594.27
2018-10-07T00:00:00Z,6596.44,6640,6525,6615.26
2018-10-08T00:00:00Z,6615.26,6715.6,6587,6673.01
2018-10-09T00:00:00Z,6673.01,6685.38,6607,6656.61
2018-10-10T00:00:00Z,6656.67,6659.95,6530,6631
2018-10-11T00:00:00Z,6630.21,6633.92,6205,6252.68
2018-10-12T00:00:00Z,6252.71,6360,6209,6298.01
2018-10-13T00:00:00Z,6298,6345,6285.07,6332.93
2018-10-14T00:00:00Z,6332.92,6416,6308,6339.34
2018-10-15T00:00:00Z,6339.34,7680,6300,6752.5
2018-10-16T00:00:00Z,6752.5,6900,6670,6759.27
2018-10-17T00:00:00Z,6762.76,6811.12,6676.01,6740.89
2018-10-18T00:00:00Z,6739.01,6796,6567,6618.96
2018-10-19T00:00:00Z,6618.96,6648.14,6523,6528.88
2018-10-20T00:00:00Z,6528.88,6617.65,6505.55,6588.4
2018-10-21T00:00:00Z,6585.72,6663.9,6580,6590.11
2018-10-22T00:00:00Z,6590.12,6639,6535.27,6581.2
2018-10-23T00:00:00Z,6581.2,6595,6515.45,6553.51
2018-10-24T00:00:00Z,6553.51,6630,6547.53,6565.5
2018-10-25T00:00:00Z,6566.81,6575.09,6502.8,6528.09
2018-10-26T00:00:00Z,6528.13,6600,6515.01,6538.63
2018-10-27T00:00:00Z,6538.63,6558.35,6463.04,6505.6
2018-10-28T00:00:00Z,6505.6,6514.17,6453,6489.93
2018-10-29T00:00:00Z,6489.93,6505.01,6315,6344.5
2018-10-30T00:00:00Z,6344.5,6395,6317.01,6330.87
2018-10-31T00:00:00Z,6330.01,6428,6245.02,6371.93
2018-11-01T00:00:00Z,6369.52,6442.65,6348.66,6410
2018-11-02T00:00:00Z,6410,6460.34,6388.2,6433.98
2018-11-03T00:00:00Z,6432.8,6439.97,6345,6387.09
2018-11-04T00:00:00Z,6388,6525,6359,6485.85
2018-11-05T00:00:00Z,6485.85,6504.39,6431.02,6468.99
2018-11-06T00:00:00Z,6468.99,6531.31,6445.18,6519.11
2018-11-07T00:00:00Z,6522.73,6615.15,6509,6578.46
2018-11-08T00:00:00Z,6578.46,6594,6468.22,6479.84
2018-11-09T00:00:00Z,6479.84,6511.53,6391.01,6419.99
2018-11-10T00:00:00Z,6419.99,6475.55,6411,6433.05
2018-11-11T00:00:00Z,6435.16,6462.14,6355,6449.81
2018-11-12T00:00:00Z,6450.71,6497,6421,6453.07
2018-11-13T00:00:00Z,6451.68,6498,6391.15,6457.66
2018-11-14T00:00:00Z,6458.98,6482.84,5656.87,5922.41
2018-11-15T00:00:00Z,5917.2,5939.54,5403.42,5753.4
2018-11-16T00:00:00Z,5757.09,5782.89,5549.25,5655.94
2018-11-17T00:00:00Z,5650.57,5656.6,5565.43,5628.29
2018-11-18T00:00:00Z,5630.49,5738.17,5617,5662
2018-11-19T00:00:00Z,5661.94,5664,4855,4910.03
2018-11-20T00:00:00Z,4913.4,5048.24,4326,4558.86
2018-11-21T00:00:00Z,4559.91,4787.2,4413.85,4661.07
2018-11-22T00:00:00Z,4661.08,4721.77,4335,4370
2018-11-23T00:00:00Z,4370.9,4484,4222.94,4420.61
2018-11-24T00:00:00Z,4415.63,4527,3824.69,3932.44
2018-11-25T00:00:00Z,3933.68,4233,3652.66,4085.78
2018-11-26T00:00:00Z,4088.69,4206,3701,3862.2
2018-11-27T00:00:00Z,3864.45,3940,3689.12,3875.21
2018-11-28T00:00:00Z,3875.63,4394.47,3874.27,4264.85
2018-11-29T00:00:00Z,4262.06,4450.38,4125.65,4295.84
2018-11-30T00:00:00Z,4295.72,4341.36,3943,4041.32
2018-12-01T00:00:00Z,4041.27,4299.99,3963.01,4190.02
2018-12-02T00:00:00Z,4190.98,4312.99,4103.04,4161.01
2018-12-03T00:00:00Z,4160.55,4179,3827,3884.01
2018-12-04T00:00:00Z,3884.76,4085,3781,3951.64
2018-12-05T00:00:00Z,3950.98,3970,3745,3769.84
2018-12-06T00:00:00Z,3768.44,3899.99,3500,3508.75
2018-12-07T00:00:00Z,3508.75,3549.99,3224.6,3403.55
2018-12-08T00:00:00Z,3403.57,3495,3222,3410.93
2018-12-09T00:00:00Z,3411.36,3658,3394.04,3545.37
2018-12-10T00:00:00Z,3548.49,3610,3370.11,3432.88
2018-12-11T00:00:00Z,3434.01,3480,3324.32,3380.39
2018-12-12T00:00:00Z,3379.23,3492,3350,3445
2018-12-13T00:00:00Z,3446.38,3460,3255.5,3302.06
2018-12-14T00:00:00Z,3302.06,3335.39,3177,3224.17
2018-12-15T00:00:00Z,3225.19,3276.5,3156.26,3211.72
2018-12-16T00:00:00Z,3211.71,3294,3186,3228.67
2018-12-17T00:00:00Z,3229.22,3585,3216,3509.08
2018-12-18T00:00:00Z,3509.03,3678.59,3424.47,3652.98
2018-12-19T00:00:00Z,3653,3912.73,3622.55,3662.22
2018-12-20T00:00:00Z,3660.01,4120,3635,4049.62
2018-12-21T00:00:00Z,4051.86,4139.99,3764,3838.66
2018-12-22T00:00:00Z,3840.25,3979,3785,3948.91
2018-12-23T00:00:00Z,3948.91,4021.53,3870,3929.71
2018-12-24T00:00:00Z,3929.71,4198,3924.83,4008.01
2018-12-25T00:00:00Z,4010.11,4020,3646.41,3745.79
2018-12-26T00:00:00Z,3745.56,3837.15,3656.74,3777.74
2018-12-27T00:00:00Z,3777.74,3813.98,3535,3567.91
2018-12-28T00:00:00Z,3567.89,3887.25,3540.04,3839.26
2018-12-29T00:00:00Z,3839,3892,3670,3695.32
2018-12-30T00:00:00Z,3696.71,3903.5,3657.9,3801.91
2018-12-31T00:00:00Z,3803.12,3810,3630.33,3702.9
2019-01-01T00:00:00Z,3701.23,3810.16,3642,3797.14
2019-01-02T00:00:00Z,3796.45,3882.14,3750.45,3858.56
2019-01-03T00:00:00Z,3857.57,3862.74,3730,3766.78
2019-01-04T00:00:00Z,3767.2,3823.64,3703.57,3792.01
2019-01-05T00:00:00Z,3790.09,3840.99,3751,3770.96
2019-01-06T00:00:00Z,3771.12,4027.71,3740,3987.6
2019-01-07T00:00:00Z,3987.62,4017.9,3921.53,3975.45
2019-01-08T00:00:00Z,3976.76,4069.8,3903,3955.13
2019-01-09T00:00:00Z,3955.45,4006.81,3930.04,3966.65
2019-01-10T00:00:00Z,3966.06,3996.01,3540,3585.88
2019-01-11T00:00:00Z,3585.88,3658,3465,3601.31
2019-01-12T00:00:00Z,3601.31,3618.19,3530,3583.13
2019-01-13T00:00:00Z,3584.1,3611.1,3441.3,3476.81
2019-01-14T00:00:00Z,3477.56,3671.87,3467.02,3626.09
2019-01-15T00:00:00Z,3626.08,3648.42,3516.62,3553.06
2019-01-16T00:00:00Z,3553.06,3645,3543.51,3591.84
2019-01-17T00:00:00Z,3591.84,3634.7,3530.39,3616.21
2019-01-18T00:00:00Z,3613.32,3620,3565.75,3594.87
2019-01-19T00:00:00Z,3594.87,3720,3594.23,3665.3
2019-01-20T00:00:00Z,3665.75,3693.73,3475,3539.28
2019-01-21T00:00:00Z,3539.26,3559.51,3475.5,3526.9
2019-01-22T00:00:00Z,3526.88,3608.5,3434.85,3570.93
2019-01-23T00:00:00Z,3570.41,3607.98,3514.5,3552.82
2019-01-24T00:00:00Z,3552.97,3589,3529.22,3569.62
2019-01-25T00:00:00Z,3569.07,3587.15,3522.51,3565.29
2019-01-26T00:00:00Z,3566.69,3662.94,3545,3565.25
2019-01-27T00:00:00Z,3565.62,3579,3486,3550.84
2019-01-28T00:00:00Z,3550.05,3557.75,3380.27,3434.15
2019-01-29T00:00:00Z,3434,3443.45,3349.92,3411.04
2019-01-30T00:00:00Z,3410.04,3478,3387.1,3458.18
2019-01-31T00:00:00Z,3457.5,3489.2,3418.8,3434.1
2019-02-01T00:00:00Z,3434.1,3488,3401.2,3462.07
2019-02-02T00:00:00Z,3462.2,3526.4,3440.29,3504.77
2019-02-03T00:00:00Z,3504.06,3511.09,3426,3458.11
2019-02-04T00:00:00Z,3458.11,3484.88,3433.31,3463.22
2019-02-05T00:00:00Z,3463.22,3478.97,3448.43,3471.59
2019-02-06T00:00:00Z,3471.57,3482.72,3380,3405.37
2019-02-07T00:00:00Z,3407,3426.45,3390,3398.4
2019-02-08T00:00:00Z,3398.4,3733.58,3373.1,3659.04
2019-02-09T00:00:00Z,3660.27,3680.02,3625.13,3665.18
2019-02-10T00:00:00Z,3665.18,3684.99,3609.76,3680.06
2019-02-11T00:00:00Z,3679.75,3684.9,3615.53,3631.05
2019-02-12T00:00:00Z,3631.05,3667.6,3582.34,3631.46
2019-02-13T00:00:00Z,3631.51,3670,3591.75,3609.4
2019-02-14T00:00:00Z,3608.34,3626.4,3568.11,3590.56
2019-02-15T00:00:00Z,3590.57,3653.23,3573.45,3602.47
2019-02-16T00:00:00Z,3602.49,3648.2,3597.91,3618.41
2019-02-17T00:00:00Z,3617.22,3700.11,3604.4,3667.58
2019-02-18T00:00:00Z,3667.62,3925,3655,3898.6
2019-02-19T00:00:00Z,3897.35,3994.52,3856,3907.79
2019-02-20T00:00:00Z,3907.35,3986.98,3870.66,3969.74
2019-02-21T00:00:00Z,3969.74,4016.48,3901.03,3937.31
2019-02-22T00:00:00Z,3937.31,3988,3926.65,3962
2019-02-23T00:00:00Z,3962,4162.02,3933.15,4117.76
2019-02-24T00:00:00Z,4118,4198,3712.66,3743.56
2019-02-25T00:00:00Z,3743.56,3872.66,3740,3827.92
2019-02-26T00:00:00Z,3828.44,3841.51,3777,3809.23
2019-02-27T00:00:00Z,3809.31,3838.85,3677.17,3818.07
2019-02-28T00:00:00Z,3818.04,3888,3763.87,3813.69
2019-03-01T00:00:00Z,3814.26,3857,3813.01,3823
2019-03-02T00:00:00Z,3822.17,3841.31,3772.25,3819.93
2019-03-03T00:00:00Z,3819.97,3835,3781.32,3807.75
2019-03-04T00:00:00Z,3807.32,3830,3670.69,3715.3
2019-03-05T00:00:00Z,3716.1,3877.1,3703.55,3857.73
2019-03-06T00:00:00Z,3857.58,3907,3813.09,3861.84
2019-03-07T00:00:00Z,3861.84,3905.4,3840.4,3873.64
2019-03-08T00:00:00Z,3873.63,3932,3800,3864.89
2019-03-09T00:00:00Z,3864.88,3971.75,3854.75,3943.04
2019-03-10T00:00:00Z,3943.43,3943.43,3881.69,3916.82
2019-03-11T00:00:00Z,3915.99,3936.98,3830,3871.61
2019-03-12T00:00:00Z,3871.61,3905.2,3826.06,3882.73
2019-03-13T00:00:00Z,3882.69,3893.56,3840,3866
2019-03-14T00:00:00Z,3866,3920,3810.43,3877.12
2019-03-15T00:00:00Z,3877.12,3939.22,3872.2,3923.76
2019-03-16T00:00:00Z,3924.46,4056.98,3921.98,4005.98
2019-03-17T00:00:00Z,4005.98,4012,3950.01,3981.14
2019-03-18T00:00:00Z,3981.85,4037,3953.33,3987.81
2019-03-19T00:00:00Z,3987.83,4031,3970,4015.53
2019-03-20T00:00:00Z,4017.48,4050,3980.5,4043.04
2019-03-21T00:00:00Z,4043.04,4069.32,3880.01,3980.64
2019-03-22T00:00:00Z,3980.85,4008,3968.25,3986.93
2019-03-23T00:00:00Z,3987.89,4018.83,3978.01,4006.01
2019-03-24T00:00:00Z,4006.01,4006.02,3950,3992.18
2019-03-25T00:00:00Z,3991.35,3999.3,3888.71,3936.12
2019-03-26T00:00:00Z,3935.47,3958.98,3894,3948.55
2019-03-27T00:00:00Z,3948.77,4048,3936.15,4038.05
2019-03-28T00:00:00Z,4039.58,4039.7,4002,4027.81
2019-03-29T00:00:00Z,4028.22,4123.71,4024.03,4103.25
2019-03-30T00:00:00Z,4104.24,4140,4052,4106.97
2019-03-31T00:00:00Z,4106.99,4116.12,4082.57,4103.95
2019-04-01T00:00:00Z,4102.44,4158.7,4067,4144.56
2019-04-02T00:00:00Z,4144.54,4897.99,4140.54,4857.29
2019-04-03T00:00:00Z,4857.19,5275.01,4753.5,4932.6
2019-04-04T00:00:00Z,4932.59,5039.08,4777,4898.66
2019-04-05T00:00:00Z,4898.64,5028.22,4880.62,5004.95
2019-04-06T00:00:00Z,5004.96,5205,4928.59,5043.89
2019-04-07T00:00:00Z,5042.07,5234,5026,5170.27
2019-04-08T00:00:00Z,5170.27,5305,5039,5236.9
2019-04-09T00:00:00Z,5238.38,5238.4,5076.68,5150
2019-04-10T00:00:00Z,5150,5422,5135,5308.25
2019-04-11T00:00:00Z,5307.86,5332.67,4927,5017.37
2019-04-12T00:00:00Z,5017.37,5080.58,4861.22,5048.01
2019-04-13T00:00:00Z,5047,5099,5004,5045.22
2019-04-14T00:00:00Z,5047.45,5152.99,5000,5131.3
2019-04-15T00:00:00Z,5131.28,5167.38,4950,5024.95
2019-04-16T00:00:00Z,5024.95,5197.72,5003.94,5173.72
2019-04-17T00:00:00Z,5173.72,5230.4,5146.8,5202.82
2019-04-18T00:00:00Z,5202.41,5287,5198.8,5258.44
2019-04-19T00:00:00Z,5258.44,5320,5175,5258.68
2019-04-20T00:00:00Z,5258.68,5333.42,5230.1,5291.73
2019-04-21T00:00:00Z,5292.91,5314.35,5165,5256.14
2019-04-22T00:00:00Z,5257.41,5400,5208.35,5357.14
2019-04-23T00:00:00Z,5357.14,5600,5332.41,5493.31
2019-04-24T00:00:00Z,5490.91,5582.2,5333.35,5415
2019-04-25T00:00:00Z,5415,5491.84,5102,5219.9
2019-04-26T00:00:00Z,5220.47,5510,5161.62,5314.1
2019-04-27T00:00:00Z,5315,5342.5,5257.67,5295.69
2019-04-28T00:00:00Z,5295.69,5340,5259.48,5307.52
2019-04-29T00:00:00Z,5309.81,5332,5178.8,5238.14
2019-04-30T00:00:00Z,5238.14,5339.98,5192.15,5320.81
2019-05-01T00:00:00Z,5321.94,5402,5316.2,5383.2
2019-05-02T00:00:00Z,5383.2,5538,5370,5492.87
2019-05-03T00:00:00Z,5494.81,5844,5477.57,5772.69
2019-05-04T00:00:00Z,5770.62,5900,5587.45,5829.45
2019-05-05T00:00:00Z,5829.83,5839.9,5696,5775.62
2019-05-06T00:00:00Z,5773.18,5805,5619.14,5747.79
2019-05-07T00:00:00Z,5749.92,6028.41,5747.74,5846.34
2019-05-08T00:00:00Z,5846.34,6014.72,5772.2,5987.29
2019-05-09T00:00:00Z,5986.66,6224.55,5983.71,6209.18
2019-05-10T00:00:00Z,6209.95,6468.92,6172,6373.33
2019-05-11T00:00:00Z,6375.16,7343.99,6372.85,7076.22
2019-05-12T00:00:00Z,7076.24,7521.78,6750,6967.31
2019-05-13T00:00:00Z,6968.24,8100,6870,7790.71
2019-05-14T00:00:00Z,7795.62,8366,7599.56,7947.56
2019-05-15T00:00:00Z,7945.26,8249,7850,8169.87
2019-05-16T00:00:00Z,8169.08,8320,7705,7866.59
2019-05-17T00:00:00Z,7868.67,7925,6913,7355.26
2019-05-18T00:00:00Z,7355.28,7458,7156.61,7257.45
2019-05-19T00:00:00Z,7257.32,8275.09,7243.08,8148.48
2019-05-20T00:00:00Z,8147.94,8156.03,7553,7938.15
2019-05-21T00:00:00Z,7937.16,8042.32,7771,7904.87
2019-05-22T00:00:00Z,7904.48,8016,7465,7628.43
2019-05-23T00:00:00Z,7627.8,7940.98,7461,7851.51
2019-05-24T00:00:00Z,7849.95,8130,7766,7964.87
2019-05-25T00:00:00Z,7964.52,8091.8,7908.34,8025.41
2019-05-26T00:00:00Z,8023,8740,7833.42,8614.43
2019-05-27T00:00:00Z,8612.54,8908.32,8589,8756.32
2019-05-28T00:00:00Z,8752.52,8798.49,8510.63,8715.64
2019-05-29T00:00:00Z,8716.87,8750,8406.6,8645.68
2019-05-30T00:00:00Z,8646.5,9074.26,8005,8269.54
2019-05-31T00:00:00Z,8267.1,8594,8108.5,8555
2019-06-01T00:00:00Z,8555,8626,8442.36,8544.07
2019-06-02T00:00:00Z,8545.1,8814.78,8524,8725.98
2019-06-03T00:00:00Z,8726,8800.95,8080.8,8115.82
2019-06-04T00:00:00Z,8115.66,8115.66,7481.02,7687.03
2019-06-05T00:00:00Z,7687.04,7896.7,7572.78,7776.5
2019-06-06T00:00:00Z,7778.08,7868.13,7444.58,7786.7
2019-06-07T00:00:00Z,7787.57,8100,7737.49,7980.53
2019-06-08T00:00:00Z,7978.94,8044.65,7751,7893.62
2019-06-09T00:00:00Z,7895.28,7935,7506.66,7628.13
2019-06-10T00:00:00Z,7627.57,8020,7511,7982.75
2019-06-11T00:00:00Z,7981,8010,7692.23,7884.9
2019-06-12T00:00:00Z,7884.9,8200,7788.99,8127.64
2019-06-13T00:00:00Z,8127.64,8309.82,8010.03,8218.54
2019-06-14T00:00:00Z,8216.44,8684.41,8144.32,8650
2019-06-15T00:00:00Z,8650.88,8864.99,8567.63,8808.7
2019-06-16T00:00:00Z,8810.77,9333,8760,8953.33
2019-06-17T00:00:00Z,8953,9444,8950,9313.96
2019-06-18T00:00:00Z,9312.13,9336.36,8950,9081.55
2019-06-19T00:00:00Z,9081.97,9304,8960,9255.49
2019-06-20T00:00:00Z,9253.76,9590,9175.2,9517.12
2019-06-21T00:00:00Z,9518.06,10174.99,9518.06,10159.86
2019-06-22T00:00:00Z,10159.86,11160,9921.72,10729.5
2019-06-23T00:00:00Z,10729,11392.64,10555.18,10906.07
2019-06-24T00:00:00Z,10905.95,11143.63,10620.8,11056.59
2019-06-25T00:00:00Z,11056.59,11850,11026,11820.86
2019-06-26T00:00:00Z,11821.28,13970,11741,13093.8
2019-06-27T00:00:00Z,13098.38,13478.04,10525.1,11329.99
2019-06-28T00:00:00Z,11329.99,12480,10982.88,12400.63
2019-06-29T00:00:00Z,12407.06,12441.54,11475.02,11903.13
2019-06-30T00:00:00Z,11903.13,12180,10766.03,10854.1
2019-07-01T00:00:00Z,10854.1,11282.28,10030,10624.93
2019-07-02T00:00:00Z,10624.9,10938.75,9727,10842.85
2019-07-03T00:00:00Z,10844.98,11991.89,10841.04,11940
2019-07-04T00:00:00Z,11940,12000,11055,11145.67
2019-07-05T00:00:00Z,11145.67,11406.83,10796.44,10970.73
2019-07-06T00:00:00Z,10982.41,11665,10964.51,11256.49
2019-07-07T00:00:00Z,11256.45,11538,11094.37,11406.24
2019-07-08T00:00:00Z,11410,12338.03,11220,12238.6
2019-07-09T00:00:00Z,12238.6,12794.73,12068,12543.41
2019-07-10T00:00:00Z,12548.51,13147.08,11569,12108.37
2019-07-11T00:00:00Z,12108.11,12111.73,11000,11342.89
2019-07-12T00:00:00Z,11342.88,11885,11073,11757.22
2019-07-13T00:00:00Z,11757.22,11799.98,10830,11355.76
2019-07-14T00:00:00Z,11355.78,11452,10103,10174.18
2019-07-15T00:00:00Z,10174.18,11100,9860,10838.72
2019-07-16T00:00:00Z,10833.78,11028,9350.01,9439.59
2019-07-17T00:00:00Z,9430.17,9957,9060,9667.92
2019-07-18T00:00:00Z,9668.86,10788,9252,10627.16
2019-07-19T00:00:00Z,10628.64,10769.71,10121.84,10504.29
2019-07-20T00:00:00Z,10505.78,11068.99,10350,10740.23
2019-07-21T00:00:00Z,10740.27,10817.9,10288,10589.45
2019-07-22T00:00:00Z,10590.15,10683.16,10100,10340.31
2019-07-23T00:00:00Z,10343.08,10343.97,9822,9864.91
2019-07-24T00:00:00Z,9864.78,9937,9525,9763.28
2019-07-25T00:00:00Z,9763.4,10175,9720.03,9879.87
2019-07-26T00:00:00Z,9882.15,9889.98,9637,9824
2019-07-27T00:00:00Z,9824,10188.66,9333,9476.52
2019-07-28T00:00:00Z,9478.92,9594.99,9165,9541.54
2019-07-29T00:00:00Z,9541.54,9729,9395,9507.64
2019-07-30T00:00:00Z,9509.07,9714.28,9402,9574.21
2019-07-31T00:00:00Z,9575,10109.8,9555,10080.53
2019-08-01T00:00:00Z,10080.53,10467.86,9863.46,10374.99
2019-08-02T00:00:00Z,10375,10670,10281.35,10523.75
2019-08-03T00:00:00Z,10523.75,10904.77,10497.93,10816.86
2019-08-04T00:00:00Z,10816.86,11040,10552,10929.23
2019-08-05T00:00:00Z,10929.99,11937.52,10927.8,11828.8
2019-08-06T00:00:00Z,11830,12330.7,11226.7,11481.69
2019-08-07T00:00:00Z,11481.69,12141.17,11382.84,11975.03
2019-08-08T00:00:00Z,11975.04,12060,11521,11999.77
2019-08-09T00:00:00Z,11994.17,12045.68,11700,11879.99
2019-08-10T00:00:00Z,11879.98,11985,11270,11309.31
2019-08-11T00:00:00Z,11309.24,11600,11112.11,11549.97
2019-08-12T00:00:00Z,11539.08,11577.89,11235.32,11396.08
2019-08-13T00:00:00Z,11398.35,11456.16,10788.45,10892.71
2019-08-14T00:00:00Z,10893.36,10897.48,9928.1,10050.37
2019-08-15T00:00:00Z,10055.16,10460,9911,10293.93
2019-08-16T00:00:00Z,10296.77,10536.03,9750,10331.54
2019-08-17T00:00:00Z,10331.15,10465.14,10000,10216.02
2019-08-18T00:00:00Z,10216.05,10500,10080,10306.78
2019-08-19T00:00:00Z,10306.17,10930,10258.6,10915.54
2019-08-20T00:00:00Z,10914.73,10949.96,10560,10760.51
2019-08-21T00:00:00Z,10760.51,10804.13,9858,10142.57
2019-08-22T00:00:00Z,10140.82,10242,9762,10099.88
2019-08-23T00:00:00Z,10099.9,10445,10019.79,10389.55
2019-08-24T00:00:00Z,10388.16,10419.42,9890,10134.35
2019-08-25T00:00:00Z,10134.61,10333,9906.97,10142.69
2019-08-26T00:00:00Z,10142.69,10604,10137.93,10372.25
2019-08-27T00:00:00Z,10373.6,10391.08,10051.08,10185.05
2019-08-28T00:00:00Z,10185.69,10299,9601.01,9721
2019-08-29T00:00:00Z,9721,9724,9320,9498.44
2019-08-30T00:00:00Z,9499.01,9696,9350.41,9584.54
2019-08-31T00:00:00Z,9582.76,9684.51,9420.75,9587.47
2019-09-01T00:00:00Z,9588.74,9830,9520,9724.98
2019-09-02T00:00:00Z,9723.59,10450,9712.5,10340
2019-09-03T00:00:00Z,10340,10773,10272,10615.28
2019-09-04T00:00:00Z,10611.85,10799,10369.89,10567.02
2019-09-05T00:00:00Z,10565.92,10900,10450,10564.49
2019-09-06T00:00:00Z,10563.13,10905.87,10150,10298.73
2019-09-07T00:00:00Z,10298.71,10558,10288.57,10455.88
2019-09-08T00:00:00Z,10455.9,10592.5,10208,10381.18
2019-09-09T00:00:00Z,10381.24,10480,10068.5,10303.12
2019-09-10T00:00:00Z,10302.58,10384.99,9953,10098.15
2019-09-11T00:00:00Z,10098.19,10293,9880,10158.33
2019-09-12T00:00:00Z,10158.75,10448.81,10040,10415.01
2019-09-13T00:00:00Z,10415.01,10439,10153,10342.06
2019-09-14T00:00:00Z,10344.13,10419.99,10222.33,10335.02
2019-09-15T00:00:00Z,10332.81,10360,10252.15,10302.01
2019-09-16T00:00:00Z,10303.34,10355,10078,10251.31
2019-09-17T00:00:00Z,10249.68,10275,10128.01,10187.82
2019-09-18T00:00:00Z,10187.48,10258.02,10100,10156.99
2019-09-19T00:00:00Z,10156.41,10325,9653,10244.29
2019-09-20T00:00:00Z,10243.7,10281,10061.39,10168.59
2019-09-21T00:00:00Z,10167.92,10176.7,9900,9986.39
2019-09-22T00:00:00Z,9985.15,10089,9853.97,10028.87
2019-09-23T00:00:00Z,10028.05,10049.99,9615.77,9702.25
2019-09-24T00:00:00Z,9702.2,9794.99,7800,8493.14
2019-09-25T00:00:00Z,8497.55,8730,8215.64,8430.05
2019-09-26T00:00:00Z,8430.05,8465.99,7750,8063.73
2019-09-27T00:00:00Z,8063.49,8265,7852.15,8177.91
2019-09-28T00:00:00Z,8177.47,8315,8001.09,8198.81
2019-09-29T00:00:00Z,8199.38,8229.13,7890,8043.82
2019-09-30T00:00:00Z,8043.04,8337.26,7710,8289.34
2019-10-01T00:00:00Z,8289.97,8500,8173.05,8292.44
2019-10-02T00:00:00Z,8292.67,8373.91,8151.22,8359.94
2019-10-03T00:00:00Z,8360,8393,8060,8223.96
2019-10-04T00:00:00Z,8224.43,8232.41,8005,8137.13
2019-10-05T00:00:00Z,8137.09,8183.41,8012.98,8126.19
2019-10-06T00:00:00Z,8127.55,8153.87,7785,7854.25
2019-10-07T00:00:00Z,7855.3,8299.92,7762,8190.09
2019-10-08T00:00:00Z,8190.82,8325,8088.75,8168.39
2019-10-09T00:00:00Z,8170.79,8670,8115,8560.74
2019-10-10T00:00:00Z,8562.15,8644,8414.52,8558.03
2019-10-11T00:00:00Z,8557.82,8779.51,8212.38,8258.5
2019-10-12T00:00:00Z,8257.95,8400,8250,8300.09
2019-10-13T00:00:00Z,8301.98,8451.37,8160,8275.01
2019-10-14T00:00:00Z,8275.24,8388.85,8203,8348.2
2019-10-15T00:00:00Z,8346.86,8403,8090,8159.29
2019-10-16T00:00:00Z,8159.3,8181.16,7917,7991.74
2019-10-17T00:00:00Z,7995.02,8124.92,7929.03,8070.58
2019-10-18T00:00:00Z,8070.71,8115,7816.01,7947.01
2019-10-19T00:00:00Z,7946.89,8098.1,7866.92,7948.01
2019-10-20T00:00:00Z,7949.87,8297,7870,8223.35
2019-10-21T00:00:00Z,8223.35,8333,8142.03,8197.27
2019-10-22T00:00:00Z,8197.28,8297.99,8000,8020
2019-10-23T00:00:00Z,8020.06,8047.59,7300,7466.62
2019-10-24T00:00:00Z,7468.47,7503.68,7337.99,7412.41
2019-10-25T00:00:00Z,7412.41,8799,7361,8655.02
2019-10-26T00:00:00Z,8655.88,10370,8470.38,9230
2019-10-27T00:00:00Z,9230,9794.98,9074.34,9529.93
2019-10-28T00:00:00Z,9528.23,9902.1,9160,9205.14
2019-10-29T00:00:00Z,9204.45,9550,9072,9407.62
2019-10-30T00:00:00Z,9407.62,9409.84,9001.01,9154.72
2019-10-31T00:00:00Z,9154.02,9405,8913,9140.85
2019-11-01T00:00:00Z,9140.86,9279,9030,9231.61
2019-11-02T00:00:00Z,9231.4,9373.74,9186.21,9289.52
2019-11-03T00:00:00Z,9289.85,9362.57,9066.14,9194.71
2019-11-04T00:00:00Z,9196.46,9513.68,9115.84,9393.35
2019-11-05T00:00:00Z,9392.4,9454.95,9175.76,9308.66
2019-11-06T00:00:00Z,9307.73,9440.91,9250.01,9339.05
2019-11-07T00:00:00Z,9339.16,9375,9101,9216.2
2019-11-08T00:00:00Z,9214,9261,8696,8773.73
2019-11-09T00:00:00Z,8773.74,8880,8724.88,8809.41
2019-11-10T00:00:00Z,8809.18,9147.19,8750,9039.47
2019-11-11T00:00:00Z,9040.16,9072.32,8618.68,8733.27
2019-11-12T00:00:00Z,8733.36,8888,8567.6,8821.94
2019-11-13T00:00:00Z,8821.91,8844.99,8702,8777.12
2019-11-14T00:00:00Z,8777.54,8800,8582.6,8646.68
2019-11-15T00:00:00Z,8646.38,8790,8400,8471.73
2019-11-16T00:00:00Z,8471.62,8543,8400,8491.02
2019-11-17T00:00:00Z,8490.74,8635,8350.68,8502.4
2019-11-18T00:00:00Z,8502.87,8503.52,8060,8187.17
2019-11-19T00:00:00Z,8186.5,8218.63,8003,8133.64
2019-11-20T00:00:00Z,8133.83,8264.29,8038.4,8098.01
2019-11-21T00:00:00Z,8098.56,8134.73,7500,7627.74
2019-11-22T00:00:00Z,7627.79,7750,6790,7268.23
2019-11-23T00:00:00Z,7268.23,7344.48,7080.01,7311.57
2019-11-24T00:00:00Z,7311.1,7330.39,6861,6903.28
2019-11-25T00:00:00Z,6900.23,7377.69,6515,7109.57
2019-11-26T00:00:00Z,7109.99,7340,7017.48,7156.14
2019-11-27T00:00:00Z,7154.75,7655,6840,7508.52
2019-11-28T00:00:00Z,7507.9,7643,7360,7419.49
2019-11-29T00:00:00Z,7418.52,7850,7362.3,7739.68
2019-11-30T00:00:00Z,7740.99,7810,7441,7541.89
2019-12-01T00:00:00Z,7540.63,7541.85,7210,7390.89
2019-12-02T00:00:00Z,7391.5,7420.56,7151.1,7294.28
2019-12-03T00:00:00Z,7294.42,7400,7241.35,7292.71
2019-12-04T00:00:00Z,7292.71,7750,7067,7194.32
2019-12-05T00:00:00Z,7194.59,7485,7150,7389
2019-12-06T00:00:00Z,7389,7590.03,7305,7527.47
2019-12-07T00:00:00Z,7527.8,7619.62,7470.16,7488.21
2019-12-08T00:00:00Z,7487.31,7564,7374.86,7510.11
2019-12-09T00:00:00Z,7510.11,7650,7273,7338.64
2019-12-10T00:00:00Z,7338.64,7407.6,7157.1,7224.13
2019-12-11T00:00:00Z,7224.15,7275.5,7125.66,7210
2019-12-12T00:00:00Z,7210,7295,7080.3,7198.08
2019-12-13T00:00:00Z,7197.76,7309.05,7190.76,7258.48
2019-12-14T00:00:00Z,7257.37,7271.77,7012,7064.05
2019-12-15T00:00:00Z,7064.14,7200.3,7008.35,7118.59
2019-12-16T00:00:00Z,7119.6,7150,6836,6891.72
2019-12-17T00:00:00Z,6891.44,6942.21,6560,6623.82
2019-12-18T00:00:00Z,6623.84,7440,6435,7277.83
2019-12-19T00:00:00Z,7277.83,7380,7038.31,7150.3
2019-12-20T00:00:00Z,7151.31,7220,7079.5,7187.83
2019-12-21T00:00:00Z,7188.01,7190.58,7105,7132.75
2019-12-22T00:00:00Z,7131.59,7518.54,7122.47,7501.44
2019-12-23T00:00:00Z,7500.71,7695.38,7265.84,7317.09
2019-12-24T00:00:00Z,7317.3,7436.68,7157.04,7255.77
2019-12-25T00:00:00Z,7255.77,7271.77,7128.86,7204.63
2019-12-26T00:00:00Z,7205.01,7435,7157.12,7202
2019-12-27T00:00:00Z,7202,7275.86,7076.42,7254.74
2019-12-28T00:00:00Z,7254.77,7365.01,7238.67,7316.14
2019-12-29T00:00:00Z,7315.36,7528.45,7288,7388.24
2019-12-30T00:00:00Z,7388.43,7408.24,7220,7246
2019-12-31T00:00:00Z,7246,7320,7145.01,7195.23
2020-01-01T00:00:00Z,7195.24,7255,7175.15,7200.85
2020-01-02T00:00:00Z,7200.77,7212.5,6924.74,6965.71
2020-01-03T00:00:00Z,6965.49,7405,6871.04,7344.96
2020-01-04T00:00:00Z,7345,7404,7272.21,7354.11
2020-01-05T00:00:00Z,7354.19,7495,7318,7358.75
2020-01-06T00:00:00Z,7357.64,7795.34,7346.76,7758
2020-01-07T00:00:00Z,7758.9,8207.68,7723.71,8145.28
2020-01-08T00:00:00Z,8145.92,8455,7870,8055.98
2020-01-09T00:00:00Z,8054.72,8055.96,7750,7817.76
2020-01-10T00:00:00Z,7817.74,8199,7672,8197.02
2020-01-11T00:00:00Z,8198.86,8286.34,8003.16,8020.01
2020-01-12T00:00:00Z,8020.01,8197,7960,8184.98
2020-01-13T00:00:00Z,8184.97,8196,8055.89,8110.34
2020-01-14T00:00:00Z,8110.34,8880,8105.54,8810.01
2020-01-15T00:00:00Z,8814.64,8916.48,8564,8821.41
2020-01-16T00:00:00Z,8820.01,8859.81,8586,8720.01
2020-01-17T00:00:00Z,8720.15,9041.65,8672.44,8913.28
2020-01-18T00:00:00Z,8913.27,8988.88,8806.38,8915.96
2020-01-19T00:00:00Z,8915.09,9198.98,8466,8701.7
2020-01-20T00:00:00Z,8701.72,8746.99,8521.28,8642.35
2020-01-21T00:00:00Z,8642.35,8789,8488,8736.03
2020-01-22T00:00:00Z,8736.04,8818,8590,8682.36
2020-01-23T00:00:00Z,8682.77,8691.81,8306.39,8404.52
2020-01-24T00:00:00Z,8404.52,8528.02,8238,8439
2020-01-25T00:00:00Z,8438.99,8451.26,8254.9,8340.58
2020-01-26T00:00:00Z,8340.01,8618.13,8293.66,8615
2020-01-27T00:00:00Z,8614.39,9000,8535,8907.57
2020-01-28T00:00:00Z,8907.57,9400,8862.4,9374.21
2020-01-29T00:00:00Z,9375.34,9449.24,9216,9301.53
2020-01-30T00:00:00Z,9301.57,9578,9204.44,9513.21
2020-01-31T00:00:00Z,9511.52,9530.22,9210.01,9352.89
2020-02-01T00:00:00Z,9351.71,9464.53,9281,9384.61
2020-02-02T00:00:00Z,9384.41,9477.03,9120,9331.51
2020-02-03T00:00:00Z,9331.59,9618.79,9234,9292.24
2020-02-04T00:00:00Z,9291.35,9350,9093.01,9197.02
2020-02-05T00:00:00Z,9197.02,9744.45,9177.22,9612.04
2020-02-06T00:00:00Z,9612.03,9862.57,9526.35,9772
2020-02-07T00:00:00Z,9772,9885,9730,9813.73
2020-02-08T00:00:00Z,9813.87,9940,9667.11,9895.05
2020-02-09T00:00:00Z,9895.04,10166,9880.75,10151.75
2020-02-10T00:00:00Z,10151.72,10188,9756,9851.83
2020-02-11T00:00:00Z,9851.74,10323.59,9700,10223.08
2020-02-12T00:00:00Z,10223.08,10450,10223.08,10326.46
2020-02-13T00:00:00Z,10325.33,10500,10080,10229.63
2020-02-14T00:00:00Z,10227.78,10381.56,10111.37,10344.36
2020-02-15T00:00:00Z,10344.36,10375,9801,9904.72
2020-02-16T00:00:00Z,9904.46,10050,9638.12,9917.27
2020-02-17T00:00:00Z,9910.7,9964.16,9452.67,9706
2020-02-18T00:00:00Z,9706,10250,9576.01,10164.71
2020-02-19T00:00:00Z,10164.78,10250,9350,9593.79
2020-02-20T00:00:00Z,9594.65,9699,9400,9596.42
2020-02-21T00:00:00Z,9597.21,9755.51,9550.21,9677.05
2020-02-22T00:00:00Z,9677.05,9709.17,9560.02,9650.86
2020-02-23T00:00:00Z,9650.85,9990,9645,9936.4
2020-02-24T00:00:00Z,9936.4,9990,9473.56,9656.13
2020-02-25T00:00:00Z,9655.52,9675,9250,9315.84
2020-02-26T00:00:00Z,9316.48,9377.44,8633.63,8785.25
2020-02-27T00:00:00Z,8786,8971.77,8531,8823.21
2020-02-28T00:00:00Z,8823.25,8900,8445,8692.91
2020-02-29T00:00:00Z,8690.8,8790,8523.55,8523.61
2020-03-01T00:00:00Z,8523.61,8750,8411,8531.88
2020-03-02T00:00:00Z,8530.3,8965.75,8498,8915.24
2020-03-03T00:00:00Z,8911.18,8919.65,8651,8760.07
2020-03-04T00:00:00Z,8760.07,8848.29,8660,8750.87
2020-03-05T00:00:00Z,8750.99,9159.42,8746.54,9054.68
2020-03-06T00:00:00Z,9054.64,9170,8985.5,9131.88
2020-03-07T00:00:00Z,9130.89,9188,8835,8886.66
2020-03-08T00:00:00Z,8885.25,8886.76,8000,8033.31
2020-03-09T00:00:00Z,8034.76,8179.31,7632.01,7929.87
2020-03-10T00:00:00Z,7929.87,8149,7728.01,7894.56
2020-03-11T00:00:00Z,7894.57,7980,7590,7934.52
2020-03-12T00:00:00Z,7934.58,7966.17,4410,4800
2020-03-13T00:00:00Z,4800.01,5955,3782.13,5578.6
2020-03-14T00:00:00Z,5576.05,5640.52,5055.13,5172.06
2020-03-15T00:00:00Z,5172.48,5940,5093.1,5361.3
2020-03-16T00:00:00Z,5360.33,5365.42,4442.12,5028.97
2020-03-17T00:00:00Z,5028.86,5525,4921.45,5312.64
2020-03-18T00:00:00Z,5312.64,5436.17,5009.37,5393.04
2020-03-19T00:00:00Z,5393.26,6400,5252.53,6162.37
2020-03-20T00:00:00Z,6162.05,6900,5670,6208.36
2020-03-21T00:00:00Z,6204.57,6456.98,5860.02,6186.98
2020-03-22T00:00:00Z,6187.04,6407.87,5734.01,5816.19
2020-03-23T00:00:00Z,5816.05,6600,5688,6467.31
2020-03-24T00:00:00Z,6465.25,6833,6371.33,6744.72
2020-03-25T00:00:00Z,6744.69,6957.96,6450,6677.43
2020-03-26T00:00:00Z,6677.42,6780,6510,6737.36
2020-03-27T00:00:00Z,6737.27,6842.59,6261,6359.11
2020-03-28T00:00:00Z,6359.11,6360,6024,6236.65
2020-03-29T00:00:00Z,6236.65,6266,5866.56,5881.42
2020-03-30T00:00:00Z,5880.5,6599,5857.76,6394.38
2020-03-31T00:00:00Z,6394.45,6523.23,6321.4,6410.44
2020-04-01T00:00:00Z,6412.14,6679.94,6150.11,6642.92
2020-04-02T00:00:00Z,6643.36,7198,6551,6794.09
2020-04-03T00:00:00Z,6793.86,7048,6602.1,6734.1
2020-04-04T00:00:00Z,6732.97,6990.41,6650.01,6856.99
2020-04-05T00:00:00Z,6857.41,6895.54,6677.52,6772.78
2020-04-06T00:00:00Z,6772.78,7355.14,6765,7329.9
2020-04-07T00:00:00Z,7329.9,7459.69,7077,7197.32
2020-04-08T00:00:00Z,7197.32,7420,7150,7361.28
2020-04-09T00:00:00Z,7360.26,7371.92,7108.08,7283.54
2020-04-10T00:00:00Z,7283.54,7295.75,6739.98,6858.92
2020-04-11T00:00:00Z,6858.92,6944.3,6760,6876.83
2020-04-12T00:00:00Z,6876.84,7177,6780,6903.79
2020-04-13T00:00:00Z,6903.79,6903.79,6575,6837.91
2020-04-14T00:00:00Z,6838.04,6978,6754.28,6868.7
2020-04-15T00:00:00Z,6868.57,6933,6605,6621.24
2020-04-16T00:00:00Z,6621.25,7190,6468.27,7101.94
2020-04-17T00:00:00Z,7101.99,7148.12,6972.98,7027.55
2020-04-18T00:00:00Z,7026.78,7293.08,7014.4,7248.6
2020-04-19T00:00:00Z,7248.6,7266.15,7055.6,7120.74
2020-04-20T00:00:00Z,7121.4,7220,6751,6826.83
2020-04-21T00:00:00Z,6828.98,6940,6762,6841.37
2020-04-22T00:00:00Z,6841.36,7156.38,6818,7125.14
2020-04-23T00:00:00Z,7125.12,7738,7020,7482.39
2020-04-24T00:00:00Z,7483.96,7615.96,7388,7505
2020-04-25T00:00:00Z,7505,7705,7431.07,7538.67
2020-04-26T00:00:00Z,7539.03,7700,7480,7693.1
2020-04-27T00:00:00Z,7693.1,7792.02,7606,7774.62
2020-04-28T00:00:00Z,7773.51,7780,7659.12,7738.98
2020-04-29T00:00:00Z,7738.58,8952.89,7710.05,8778.57
2020-04-30T00:00:00Z,8778.58,9460,8401,8620
2020-05-01T00:00:00Z,8620,9059.18,8613.56,8826.96
2020-05-02T00:00:00Z,8825.67,9010,8753,8972.05
2020-05-03T00:00:00Z,8972.58,9200,8712,8894.16
2020-05-04T00:00:00Z,8894.15,8950,8522,8871.96
2020-05-05T00:00:00Z,8871.92,9118.58,8760,9021.83
2020-05-06T00:00:00Z,9021.36,9395,8906.21,9142.92
2020-05-07T00:00:00Z,9143.4,10067,9021,9986.4
2020-05-08T00:00:00Z,9986.3,10035.96,9705,9800.01
2020-05-09T00:00:00Z,9800.02,9914.25,9520,9539.4
2020-05-10T00:00:00Z,9539.1,9574.83,8117,8722.77
2020-05-11T00:00:00Z,8722.77,9168,8200,8561.52
2020-05-12T00:00:00Z,8562.04,8978.26,8528.78,8810.79
2020-05-13T00:00:00Z,8810.99,9398,8792.99,9309.37
2020-05-14T00:00:00Z,9309.35,9939,9256.76,9791.98
2020-05-15T00:00:00Z,9791.97,9845.62,9150,9316.42
2020-05-16T00:00:00Z,9315.96,9588,9220,9381.27
2020-05-17T00:00:00Z,9380.81,9888,9322.1,9680.04
2020-05-18T00:00:00Z,9681.11,9950,9464.23,9733.93
2020-05-19T00:00:00Z,9733.93,9897.21,9474,9775.53
2020-05-20T00:00:00Z,9775.13,9842,9326,9511.43
2020-05-21T00:00:00Z,9511.43,9578.47,8815,9068.65
2020-05-22T00:00:00Z,9067.51,9271,8933.52,9170
2020-05-23T00:00:00Z,9170,9307.85,9070,9179.15
2020-05-24T00:00:00Z,9179.01,9298,8700,8720.34
2020-05-25T00:00:00Z,8718.14,8979.66,8642.72,8900.35
2020-05-26T00:00:00Z,8900.35,9017.67,8700,8841.18
2020-05-27T00:00:00Z,8841,9225,8811.73,9204.07
2020-05-28T00:00:00Z,9204.07,9625.47,9110,9575.89
2020-05-29T00:00:00Z,9575.87,9605.26,9330,9427.07
2020-05-30T00:00:00Z,9426.6,9740,9331.23,9697.72
2020-05-31T00:00:00Z,9697.72,9700,9381.41,9448.27
2020-06-01T00:00:00Z,9448.27,10380,9421.67,10200.77
2020-06-02T00:00:00Z,10202.71,10228.99,9266,9518.04
2020-06-03T00:00:00Z,9518.02,9690,9365.21,9666.24
2020-06-04T00:00:00Z,9666.32,9881.63,9450,9789.06
2020-06-05T00:00:00Z,9788.14,9854.75,9581,9621.16
2020-06-06T00:00:00Z,9621.17,9735,9531.05,9666.3
2020-06-07T00:00:00Z,9666.85,9802,9372.46,9746.99
2020-06-08T00:00:00Z,9746.99,9800,9633,9782.01
2020-06-09T00:00:00Z,9782,9877,9570,9772.43
2020-06-10T00:00:00Z,9772.44,9992.72,9704.18,9885
2020-06-11T00:00:00Z,9885.22,9964,9113,9280.4
2020-06-12T00:00:00Z,9278.88,9557.12,9232.51,9465.13
2020-06-13T00:00:00Z,9464.96,9494.73,9351,9473.34
2020-06-14T00:00:00Z,9473.34,9480.99,9245,9342.1
2020-06-15T00:00:00Z,9342.1,9495,8910.45,9426.02
2020-06-16T00:00:00Z,9426.05,9589,9373.09,9525.59
2020-06-17T00:00:00Z,9526.97,9565,9236.61,9465.14
2020-06-18T00:00:00Z,9465.13,9489,9280,9386.32
2020-06-19T00:00:00Z,9386.32,9438.3,9215.79,9310.23
2020-06-20T00:00:00Z,9310.23,9395,9170.95,9358.95
2020-06-21T00:00:00Z,9358.95,9422,9281.54,9294.69
2020-06-22T00:00:00Z,9294.69,9780,9277.09,9685.69
2020-06-23T00:00:00Z,9685.69,9720,9577.03,9624.89
2020-06-24T00:00:00Z,9624.33,9670,9208,9296.49
2020-06-25T00:00:00Z,9298.33,9340,9009.69,9249.49
2020-06-26T00:00:00Z,9249.49,9298,9045.45,9162.21
2020-06-27T00:00:00Z,9162.21,9196.24,8833,9012
2020-06-28T00:00:00Z,9012,9191,8948.06,9116.35
2020-06-29T00:00:00Z,9116.16,9238,9024.67,9192.56
2020-06-30T00:00:00Z,9192.93,9205,9064.89,9138.55
2020-07-01T00:00:00Z,9138.08,9292,9080.1,9232
2020-07-02T00:00:00Z,9231.99,9261.96,8940,9086.54
2020-07-03T00:00:00Z,9086.54,9125,9037.47,9058.26
2020-07-04T00:00:00Z,9057.79,9190,9040.04,9135.46
2020-07-05T00:00:00Z,9135,9145.24,8893.03,9069.41
2020-07-06T00:00:00Z,9069.41,9375,9055.92,9344.2
2020-07-07T00:00:00Z,9342.47,9379.42,9203,9257.39
2020-07-08T00:00:00Z,9257.4,9470,9231,9436.06
2020-07-09T00:00:00Z,9436.06,9440.79,9160,9232.43
2020-07-10T00:00:00Z,9232.42,9317.48,9125,9288.34
2020-07-11T00:00:00Z,9288.34,9299.28,9178.25,9234.03
2020-07-12T00:00:00Z,9234.02,9345,9157.5,9302.75
2020-07-13T00:00:00Z,9303.31,9343.82,9200.89,9242.62
2020-07-14T00:00:00Z,9242.61,9279.54,9113,9255.85
2020-07-15T00:00:00Z,9255.85,9276.49,9160.57,9197.6
2020-07-16T00:00:00Z,9197.6,9226.15,9047.25,9133.72
2020-07-17T00:00:00Z,9133.72,9186.83,9089.81,9154.32
2020-07-18T00:00:00Z,9154.31,9219.3,9121.1,9170.28
2020-07-19T00:00:00Z,9170.3,9232.27,9101.35,9208.99
2020-07-20T00:00:00Z,9208.99,9221.52,9131,9160.78
2020-07-21T00:00:00Z,9160.78,9437.73,9152.8,9390
2020-07-22T00:00:00Z,9390,9544,9261,9518.16
2020-07-23T00:00:00Z,9518.16,9664,9440.33,9603.27
2020-07-24T00:00:00Z,9603.27,9637,9463.44,9537.8
2020-07-25T00:00:00Z,9538.1,9732.9,9513,9700.42
2020-07-26T00:00:00Z,9700.42,10111,9650,9931.54
2020-07-27T00:00:00Z,9931.54,11394.86,9917.21,11029.96
2020-07-28T00:00:00Z,11029.96,11242.23,10565,10906.27
2020-07-29T00:00:00Z,10906.27,11342.82,10812,11100.53
2020-07-30T00:00:00Z,11100.52,11170,10831,11099.61
2020-07-31T00:00:00Z,11099.79,11444,10960,11335.46
2020-08-01T00:00:00Z,11335.46,11861,11220,11801.17
2020-08-02T00:00:00Z,11801.17,12123.46,10518.5,11071.35
2020-08-03T00:00:00Z,11071.36,11473,10936,11219.81
2020-08-04T00:00:00Z,11219.68,11414.98,11000,11191.97
2020-08-05T00:00:00Z,11191.99,11780.93,11093,11744.91
2020-08-06T00:00:00Z,11744.91,11900,11562.5,11762.46
2020-08-07T00:00:00Z,11762.47,11909.94,11322,11594.23
2020-08-08T00:00:00Z,11594.36,11808.27,11512,11761.41
2020-08-09T00:00:00Z,11761.02,11797.11,11521.97,11681.68
2020-08-10T00:00:00Z,11681.69,12067.35,11450,11892.92
2020-08-11T00:00:00Z,11892.9,11935,11125,11392.08
2020-08-12T00:00:00Z,11392.09,11617.52,11150,11564.33
2020-08-13T00:00:00Z,11564.34,11792.96,11270.36,11780
2020-08-14T00:00:00Z,11779.77,11850,11634.03,11760.54
2020-08-15T00:00:00Z,11760.55,11980,11680,11852.4
2020-08-16T00:00:00Z,11852.4,11931.72,11686,11911
2020-08-17T00:00:00Z,11910.99,12468,11769.78,12281.13
2020-08-18T00:00:00Z,12281.15,12387.77,11817.93,11945.01
2020-08-19T00:00:00Z,11945.1,12020.08,11561,11754.59
2020-08-20T00:00:00Z,11754.38,11888,11668,11853.55
2020-08-21T00:00:00Z,11853.54,11878,11485.81,11531.34
2020-08-22T00:00:00Z,11531.23,11686,11376.81,11662.96
2020-08-23T00:00:00Z,11663.51,11718.07,11514.13,11648.13
2020-08-24T00:00:00Z,11648.12,11824.9,11585.09,11748.2
2020-08-25T00:00:00Z,11748.19,11767.85,11117.64,11318.42
2020-08-26T00:00:00Z,11318.42,11539.32,11244,11461.43
2020-08-27T00:00:00Z,11461.42,11592.2,11125,11330.38
2020-08-28T00:00:00Z,11330.38,11542.65,11276.89,11526.91
2020-08-29T00:00:00Z,11526.9,11580.02,11417.04,11465.84
2020-08-30T00:00:00Z,11465.84,11719,11458,11711.16
2020-08-31T00:00:00Z,11711.17,11800.77,11570,11649.51
2020-09-01T00:00:00Z,11649.51,12050.85,11515,11921.97
2020-09-02T00:00:00Z,11921.97,11954.57,11160.1,11388.54
2020-09-03T00:00:00Z,11388.54,11462.6,9960.8,10140.85
2020-09-04T00:00:00Z,10138.29,10627.05,9875.5,10446.25
2020-09-05T00:00:00Z,10446.25,10565.68,9825,10166.69
2020-09-06T00:00:00Z,10166.69,10347.14,9994.86,10256.2
2020-09-07T00:00:00Z,10255.89,10410.75,9875,10373.44
2020-09-08T00:00:00Z,10373.45,10438,9850,10126.65
2020-09-09T00:00:00Z,10126.66,10343,9981.01,10219.2
2020-09-10T00:00:00Z,10219.29,10483.35,10070.83,10336.87
2020-09-11T00:00:00Z,10336.86,10397.6,10200,10387.89
2020-09-12T00:00:00Z,10387.89,10477.97,10269.25,10440.92
2020-09-13T00:00:00Z,10440.67,10580.11,10200,10332.83
2020-09-14T00:00:00Z,10332.84,10750,10212.34,10671.77
2020-09-15T00:00:00Z,10671.77,10930.04,10606.48,10785.31
2020-09-16T00:00:00Z,10785.23,11093,10661.22,10954.01
2020-09-17T00:00:00Z,10954.01,11045.46,10745.83,10939.99
2020-09-18T00:00:00Z,10940,11038.03,10812.84,10933.39
2020-09-19T00:00:00Z,10933.4,11179.79,10887.37,11080.65
2020-09-20T00:00:00Z,11080.64,11080.64,10723,10920.28
2020-09-21T00:00:00Z,10920.28,10988.86,10296.35,10417.22
2020-09-22T00:00:00Z,10417.22,10572.71,10353,10529.61
2020-09-23T00:00:00Z,10529.61,10537.15,10136.82,10241.46
2020-09-24T00:00:00Z,10241.46,10795.24,10190.93,10736.32
2020-09-25T00:00:00Z,10736.33,10760.53,10556.24,10686.67
2020-09-26T00:00:00Z,10686.57,10820.94,10644.68,10728.6
2020-09-27T00:00:00Z,10728.59,10799,10594.82,10774.25
2020-09-28T00:00:00Z,10774.26,10950,10626,10696.12
2020-09-29T00:00:00Z,10696.11,10867.54,10635.87,10840.48
2020-09-30T00:00:00Z,10840.58,10849.34,10665.13,10776.59
2020-10-01T00:00:00Z,10776.59,10920,10437,10619.13
2020-10-02T00:00:00Z,10619.13,10664.64,10374,10570.4
2020-10-03T00:00:00Z,10570.4,10603.56,10496.46,10542.06
2020-10-04T00:00:00Z,10542.07,10696.87,10517.87,10666.63
2020-10-05T00:00:00Z,10666.62,10798,10615.64,10792.21
2020-10-06T00:00:00Z,10792.2,10800,10525,10599.66
2020-10-07T00:00:00Z,10599.65,10681.87,10546.17,10666.39
2020-10-08T00:00:00Z,10666.4,10950,10530.41,10925.57
2020-10-09T00:00:00Z,10925.44,11104.64,10829,11050.64
2020-10-10T00:00:00Z,11050.64,11491,11050.51,11293.22
2020-10-11T00:00:00Z,11293.22,11445,11221,11369.02
2020-10-12T00:00:00Z,11369.02,11720.01,11172,11528.25
2020-10-13T00:00:00Z,11528.24,11557,11300,11420.56
2020-10-14T00:00:00Z,11420.57,11547.98,11280,11417.89
2020-10-15T00:00:00Z,11417.89,11617.34,11250.83,11505.12
2020-10-16T00:00:00Z,11505.13,11541.15,11200,11319.32
2020-10-17T00:00:00Z,11319.24,11402.42,11255,11360.2
2020-10-18T00:00:00Z,11360.31,11505,11346.22,11503.14
2020-10-19T00:00:00Z,11503.14,11823.99,11407.96,11751.47
2020-10-20T00:00:00Z,11751.46,12038.38,11677.59,11909.99
2020-10-21T00:00:00Z,11910,13217.68,11886.95,12780.96
2020-10-22T00:00:00Z,12780.75,13185,12678.08,12968.52
2020-10-23T00:00:00Z,12968.84,13027.69,12720.08,12923.07
2020-10-24T00:00:00Z,12923.06,13166.73,12870,13111.73
2020-10-25T00:00:00Z,13111.73,13350,12888,13028.83
2020-10-26T00:00:00Z,13029.64,13238.81,12765,13052.19
2020-10-27T00:00:00Z,13052.15,13789.29,13019.87,13636.17
2020-10-28T00:00:00Z,13636.16,13859.48,12888,13266.4
2020-10-29T00:00:00Z,13266.4,13642.91,12920.77,13455.7
2020-10-30T00:00:00Z,13455.69,13669.98,13115,13560.1
2020-10-31T00:00:00Z,13560.1,14100,13411.5,13791
2020-11-01T00:00:00Z,13791,13895,13603,13761.5
2020-11-02T00:00:00Z,13761.49,13830,13195.05,13549.37
2020-11-03T00:00:00Z,13549.63,14066.11,13284.99,14023.53
2020-11-04T00:00:00Z,14023.53,14259,13525,14144.01
2020-11-05T00:00:00Z,14144.01,15750,14093.56,15590.02
2020-11-06T00:00:00Z,15590.02,15960,15166,15579.92
2020-11-07T00:00:00Z,15579.93,15753.52,14344.22,14818.3
2020-11-08T00:00:00Z,14818.3,15650,14703.88,15475.1
2020-11-09T00:00:00Z,15475.1,15840,14805.54,15328.41
2020-11-10T00:00:00Z,15328.41,15460,15072.46,15297.21
2020-11-11T00:00:00Z,15297.21,15965,15272.68,15684.24
2020-11-12T00:00:00Z,15684.25,16340.7,15440.64,16291.86
2020-11-13T00:00:00Z,16291.85,16480,15952.35,16320.7
2020-11-14T00:00:00Z,16320.04,16326.99,15670,16070.45
2020-11-15T00:00:00Z,16069.56,16180,15774.72,15957
2020-11-16T00:00:00Z,15957,16880,15864,16713.57
2020-11-17T00:00:00Z,16713.08,17858.82,16538,17659.38
2020-11-18T00:00:00Z,17659.38,18476.93,17214.45,17776.12
2020-11-19T00:00:00Z,17777.75,18179.8,17335.65,17802.82
2020-11-20T00:00:00Z,17802.81,18815.22,17740.04,18655.67
2020-11-21T00:00:00Z,18655.66,18965.9,18308.58,18703.8
2020-11-22T00:00:00Z,18703.8,18750,17610.86,18414.43
2020-11-23T00:00:00Z,18413.88,18766,18000,18368
2020-11-24T00:00:00Z,18368.01,19418.97,18018,19160.01
2020-11-25T00:00:00Z,19160,19484.21,18500.27,18719.11
2020-11-26T00:00:00Z,18718.83,18915.03,16188,17149.47
2020-11-27T00:00:00Z,17149.47,17457.62,16438.08,17139.52
2020-11-28T00:00:00Z,17139.53,17880.49,16865.56,17719.85
2020-11-29T00:00:00Z,17719.84,18360.05,17517,18184.99
2020-11-30T00:00:00Z,18185,19863.16,18184.99,19695.87
2020-12-01T00:00:00Z,19695.87,19888,18001.12,18764.96
2020-12-02T00:00:00Z,18764.96,19342,18330,19204.09
2020-12-03T00:00:00Z,19204.08,19598,18867.2,19421.9
2020-12-04T00:00:00Z,19422.34,19527,18565.31,18650.52
2020-12-05T00:00:00Z,18650.51,19177,18500,19147.66
2020-12-06T00:00:00Z,19147.66,19420,18857,19359.4
2020-12-07T00:00:00Z,19358.67,19420.91,18902.88,19166.9
2020-12-08T00:00:00Z,19166.9,19294.84,18200,18324.11
2020-12-09T00:00:00Z,18324.11,18639.57,17650,18541.28
2020-12-10T00:00:00Z,18541.29,18557.32,17911.12,18254.63
2020-12-11T00:00:00Z,18254.81,18292.73,17572.33,18036.53
2020-12-12T00:00:00Z,18036.53,18948.66,18020.7,18808.69
2020-12-13T00:00:00Z,18808.69,19411,18711.12,19174.99
2020-12-14T00:00:00Z,19174.99,19349,19000,19273.14
2020-12-15T00:00:00Z,19273.69,19570,19050,19426.43
2020-12-16T00:00:00Z,19426.43,21560,19278.6,21335.52
2020-12-17T00:00:00Z,21335.52,23800,21230,22797.16
2020-12-18T00:00:00Z,22797.15,23285.18,22350,23107.39
2020-12-19T00:00:00Z,23107.39,24171.47,22750,23821.61
2020-12-20T00:00:00Z,23821.6,24295,23060,23455.52
2020-12-21T00:00:00Z,23455.54,24102.77,21815,22719.71
2020-12-22T00:00:00Z,22719.88,23837.1,22353.4,23810.79
2020-12-23T00:00:00Z,23810.79,24100,22600,23232.76
2020-12-24T00:00:00Z,23232.39,23794.43,22703.42,23729.2
2020-12-25T00:00:00Z,23728.99,24789.86,23433.6,24712.47
2020-12-26T00:00:00Z,24712.47,26867.03,24500,26493.39
2020-12-27T00:00:00Z,26493.4,28422,25700,26281.66
2020-12-28T00:00:00Z,26281.54,27500,26101,27079.41
2020-12-29T00:00:00Z,27079.42,27410,25880,27385
2020-12-30T00:00:00Z,27385,28996,27320,28875.54
2020-12-31T00:00:00Z,28875.55,29300,27850,28923.63
2021-01-01T00:00:00Z,28923.63,29600,28624.57,29331.69
2021-01-02T00:00:00Z,29331.7,33300,28946.53,32178.33
2021-01-03T00:00:00Z,32176.45,34778.11,31962.99,33000.05
2021-01-04T00:00:00Z,33000.05,33600,28130,31988.71
2021-01-05T00:00:00Z,31989.75,34360,29900,33949.53
2021-01-06T00:00:00Z,33949.53,36939.21,33288,36769.36
2021-01-07T00:00:00Z,36769.36,40365,36300,39432.28
2021-01-08T00:00:00Z,39432.48,41950,36500,40582.81
2021-01-09T00:00:00Z,40586.96,41380,38720,40088.22
2021-01-10T00:00:00Z,40088.22,41350,35111.11,38150.02
2021-01-11T00:00:00Z,38150.02,38264.74,30420,35404.47
2021-01-12T00:00:00Z,35410.37,36628,32531,34051.24
2021-01-13T00:00:00Z,34049.15,37850,32380,37371.38
2021-01-14T00:00:00Z,37371.38,40100,36701.23,39144.5
2021-01-15T00:00:00Z,39145.21,39747.76,34408,36742.22
2021-01-16T00:00:00Z,36737.43,37950,35357.8,35994.98
2021-01-17T00:00:00Z,35994.98,36852.5,33850,35828.61
2021-01-18T00:00:00Z,35824.99,37469.83,34800,36631.27
2021-01-19T00:00:00Z,36622.46,37850,35844.06,35891.49
2021-01-20T00:00:00Z,35901.94,36415.31,33400,35468.23
2021-01-21T00:00:00Z,35468.23,35600,30071,30850.13
2021-01-22T00:00:00Z,30851.99,33826.53,28850,32945.17
2021-01-23T00:00:00Z,32950,33456,31390.16,32078
2021-01-24T00:00:00Z,32078,33071,30900,32259.9
2021-01-25T00:00:00Z,32259.45,34875,31910,32254.2
2021-01-26T00:00:00Z,32254.19,32921.88,30837.37,32467.77
2021-01-27T00:00:00Z,32464.01,32557.29,29241.72,30366.15
2021-01-28T00:00:00Z,30362.19,33783.98,29842.1,33364.86
2021-01-29T00:00:00Z,33368.18,38531.9,31915.4,34252.2
2021-01-30T00:00:00Z,34246.28,34933,32825,34262.88
2021-01-31T00:00:00Z,34262.89,34342.69,32171.67,33092.98
2021-02-01T00:00:00Z,33092.97,34717.27,32296.16,33526.37
2021-02-02T00:00:00Z,33517.09,35984.33,33418,35466.24
2021-02-03T00:00:00Z,35472.71,37662.63,35362.38,37618.87
2021-02-04T00:00:00Z,37620.26,38708.27,36161.95,36936.66
2021-02-05T00:00:00Z,36936.65,38310.12,36570,38290.24
2021-02-06T00:00:00Z,38289.32,40955.51,38215.94,39186.94
2021-02-07T00:00:00Z,39181.01,39700,37351,38795.69
2021-02-08T00:00:00Z,38795.69,46794.45,37988.89,46374.87
2021-02-09T00:00:00Z,46374.86,48142.19,44961.09,46420.42
2021-02-10T00:00:00Z,46420.42,47310,43727,44807.58
2021-02-11T00:00:00Z,44807.58,48678.9,43994.02,47969.51
2021-02-12T00:00:00Z,47968.66,48985.8,46125,47287.6
2021-02-13T00:00:00Z,47298.15,48150,46202.53,47153.69
2021-02-14T00:00:00Z,47156.78,49707.43,47014.17,48577.79
2021-02-15T00:00:00Z,48580.47,49010.92,45570.79,47911.1
2021-02-16T00:00:00Z,47911.1,50689.18,47003.62,49133.45
2021-02-17T00:00:00Z,49133.45,52618.74,48947,52119.71
2021-02-18T00:00:00Z,52117.67,52530,50901.9,51552.6
2021-02-19T00:00:00Z,51552.61,56368,50710.2,55906
2021-02-20T00:00:00Z,55906,57700.46,53863.93,55841.19
2021-02-21T00:00:00Z,55841.19,58352.8,55477.59,57408.57
2021-02-22T00:00:00Z,57412.35,57508.47,47622,54087.67
2021-02-23T00:00:00Z,54087.67,54183.59,44892.56,48891
2021-02-24T00:00:00Z,48891,51374.99,46988.69,49676.2
2021-02-25T00:00:00Z,49676.21,52041.73,46674.34,47073.73
2021-02-26T00:00:00Z,47073.73,48424.11,44106.78,46276.87
2021-02-27T00:00:00Z,46276.88,48394,45000,46106.43
2021-02-28T00:00:00Z,46103.67,46638.46,43000,45135.66
2021-03-01T00:00:00Z,45134.11,49790,44950.53,49587.03
2021-03-02T00:00:00Z,49595.76,50200,47047.6,48440.65
2021-03-03T00:00:00Z,48436.61,52640,48100.71,50349.37
2021-03-04T00:00:00Z,50349.37,51773.88,47500,48374.09
2021-03-05T00:00:00Z,48374.09,49448.93,46300,48751.71
2021-03-06T00:00:00Z,48746.81,49200,47070,48882.2
2021-03-07T00:00:00Z,48882.2,51450.03,48882.2,50971.75
2021-03-08T00:00:00Z,50959.11,52402.78,49274.67,52375.17
2021-03-09T00:00:00Z,52375.18,54895,51789.41,54884.5
2021-03-10T00:00:00Z,54874.67,57387.69,53005,55851.59
2021-03-11T00:00:00Z,55851.59,58150,54272.82,57773.16
2021-03-12T00:00:00Z,57773.15,58081.51,54962.84,57221.72
2021-03-13T00:00:00Z,57221.72,61844,56078.23,61188.39
2021-03-14T00:00:00Z,61188.38,61724.79,58966.78,58968.31
2021-03-15T00:00:00Z,58976.08,60633.43,54600,55605.2
2021-03-16T00:00:00Z,55605.2,56938.29,53271.34,56900.75
2021-03-17T00:00:00Z,56900.74,58974.73,54123.69,58912.97
2021-03-18T00:00:00Z,58912.97,60129.97,57023,57648.16
2021-03-19T00:00:00Z,57641,59468,56270.74,58030.01
2021-03-20T00:00:00Z,58030.01,59880,57820.17,58102.28
2021-03-21T00:00:00Z,58100.02,58589.1,55450.11,57351.56
2021-03-22T00:00:00Z,57351.56,58430.73,53650,54083.25
2021-03-23T00:00:00Z,54083.25,55830.9,53000,54340.89
2021-03-24T00:00:00Z,54342.8,57200,51700,52303.65
2021-03-25T00:00:00Z,52303.66,53287,50427.56,51293.78
2021-03-26T00:00:00Z,51293.78,55073.46,51214.6,55025.59
2021-03-27T00:00:00Z,55025.59,56700.36,53950,55817.14
2021-03-28T00:00:00Z,55817.14,56559.75,54691.84,55777.63
2021-03-29T00:00:00Z,55777.65,58405.82,54800.01,57635.47
2021-03-30T00:00:00Z,57635.46,59368,57071.35,58746.57
2021-03-31T00:00:00Z,58746.57,59800,56769,58740.55
2021-04-01T00:00:00Z,58739.46,59490,57935.45,58720.44
2021-04-02T00:00:00Z,58720.45,60200,58428.57,58950.01
2021-04-03T00:00:00Z,58950.01,59791.72,56880,57051.94
2021-04-04T00:00:00Z,57051.95,58492.85,56388,58202.01
2021-04-05T00:00:00Z,58202.01,59272,56777.77,59129.99
2021-04-06T00:00:00Z,59129.99,59495.24,57413.02,57991.15
2021-04-07T00:00:00Z,57990.03,58655,55473,55953.45
2021-04-08T00:00:00Z,55953.44,58153.31,55700,58077.52
2021-04-09T00:00:00Z,58077.52,58894.9,57654,58142.54
2021-04-10T00:00:00Z,58142.55,61500,57900.01,59769.13
2021-04-11T00:00:00Z,59769.13,60699,59232.52,60002.43
2021-04-12T00:00:00Z,59998.8,61300,59350.59,59860
2021-04-13T00:00:00Z,59860.01,63777.77,59805.15,63575
2021-04-14T00:00:00Z,63575.01,64854,61301,62959.53
2021-04-15T00:00:00Z,62959.53,63800,62020,63159.98
2021-04-16T00:00:00Z,63158.74,63520.61,60000,61334.8
2021-04-17T00:00:00Z,61334.81,62506.05,59580.91,60006.66
2021-04-18T00:00:00Z,60006.67,60499,50931.3,56150.01
2021-04-19T00:00:00Z,56150.01,57526.81,54221.58,55633.14
2021-04-20T00:00:00Z,55633.14,57076.24,53329.96,56425
2021-04-21T00:00:00Z,56425,56757.91,53536.02,53787.63
2021-04-22T00:00:00Z,53787.62,55521.48,50500,51690.96
2021-04-23T00:00:00Z,51690.95,52131.85,47500,51125.14
2021-04-24T00:00:00Z,51110.56,51166.22,48657.14,50047.84
2021-04-25T00:00:00Z,50047.84,50567.91,46930,49066.77
2021-04-26T00:00:00Z,49066.76,54356.62,48753.44,54001.39
2021-04-27T00:00:00Z,54001.38,55460,53222,55011.97
2021-04-28T00:00:00Z,55011.97,56428,53813.16,54846.22
2021-04-29T00:00:00Z,54846.23,55195.84,52330.94,53555
2021-04-30T00:00:00Z,53555,57963,53013.01,57694.27
2021-05-01T00:00:00Z,57697.25,58458.07,56956.14,57800.37
2021-05-02T00:00:00Z,57797.35,57911.02,56035.25,56578.21
2021-05-03T00:00:00Z,56578.21,58981.44,56435,57169.39
2021-05-04T00:00:00Z,57169.39,57200,53046.69,53200.01
2021-05-05T00:00:00Z,53205.05,58069.82,52900,57436.11
2021-05-06T00:00:00Z,57436.11,58360,55200,56393.68
2021-05-07T00:00:00Z,56393.68,58650,55241.63,57314.75
2021-05-08T00:00:00Z,57315.49,59500,56900,58862.05
2021-05-09T00:00:00Z,58866.53,59300,56235.66,58240.84
2021-05-10T00:00:00Z,58240.83,59500,53400,55816.14
2021-05-11T00:00:00Z,55816.14,56862.43,54370,56670.02
2021-05-12T00:00:00Z,56670.02,58000.01,48600,49631.32
2021-05-13T00:00:00Z,49537.15,51367.19,46000,49670.97
2021-05-14T00:00:00Z,49671.92,51483,48799.75,49841.45
2021-05-15T00:00:00Z,49844.16,50700,46555,46762.99
2021-05-16T00:00:00Z,46762.99,49795.89,43825.39,46431.5
2021-05-17T00:00:00Z,46426.83,46686,42001,43538.04
2021-05-18T00:00:00Z,43538.02,45799.29,42250.02,42849.78
2021-05-19T00:00:00Z,42849.78,43584.9,30000,36690.09
2021-05-20T00:00:00Z,36671.23,42451.67,34850,40526.64
2021-05-21T00:00:00Z,40525.39,42200,33488,37252.01
2021-05-22T00:00:00Z,37263.35,38829,35200.62,37449.73
2021-05-23T00:00:00Z,37458.51,38270.64,31111.01,34655.25
2021-05-24T00:00:00Z,34681.44,39920,34031,38796.29
2021-05-25T00:00:00Z,38810.99,39791.77,36419.62,38324.72
2021-05-26T00:00:00Z,38324.72,40841,37800.44,39241.91
2021-05-27T00:00:00Z,39241.92,40411.14,37134.27,38529.98
2021-05-28T00:00:00Z,38529.99,38877.83,34684,35663.49
2021-05-29T00:00:00Z,35661.79,37338.58,33632.76,34605.15
2021-05-30T00:00:00Z,34605.15,36488,33379,35641.27
2021-05-31T00:00:00Z,35641.26,37499,34153.84,37253.81
2021-06-01T00:00:00Z,37253.82,37894.81,35666,36693.09
2021-06-02T00:00:00Z,36694.85,38225,35920,37568.68
2021-06-03T00:00:00Z,37568.68,39476,37170,39246.79
2021-06-04T00:00:00Z,39246.78,39289.07,35555.15,36829
2021-06-05T00:00:00Z,36829.15,37925,34800,35513.2
2021-06-06T00:00:00Z,35516.07,36480,35222,35796.31
2021-06-07T00:00:00Z,35796.31,36900,33300,33552.79
2021-06-08T00:00:00Z,33556.96,34068.01,31000,33380.81
2021-06-09T00:00:00Z,33380.8,37534.79,32396.82,37388.05
2021-06-10T00:00:00Z,37388.05,38491,35782,36675.72
2021-06-11T00:00:00Z,36677.83,37680.4,35936.77,37331.98
2021-06-12T00:00:00Z,37331.98,37463.63,34600.36,35546.11
2021-06-13T00:00:00Z,35546.12,39380,34757,39020.57
2021-06-14T00:00:00Z,39020.56,41064.05,38730,40516.29
2021-06-15T00:00:00Z,40516.28,41330,39506.4,40144.04
2021-06-16T00:00:00Z,40143.8,40527.14,38116.01,38349.01
2021-06-17T00:00:00Z,38349,39559.88,37365,38092.97
2021-06-18T00:00:00Z,38092.97,38202.84,35129.29,35819.84
2021-06-19T00:00:00Z,35820.48,36457,34803.52,35483.72
2021-06-20T00:00:00Z,35483.72,36137.72,33336,35600.16
2021-06-21T00:00:00Z,35600.17,35750,31251.23,31608.93
2021-06-22T00:00:00Z,31614.12,33298.78,28805,32509.56
2021-06-23T00:00:00Z,32509.56,34881,31683,33678.07
2021-06-24T00:00:00Z,33675.07,35298,32286.57,34663.09
2021-06-25T00:00:00Z,34663.08,35500,31275,31584.45
2021-06-26T00:00:00Z,31576.09,32730,30151,32283.65
2021-06-27T00:00:00Z,32283.65,34749,31973.45,34700.34
2021-06-28T00:00:00Z,34702.49,35297.71,33862.72,34494.89
2021-06-29T00:00:00Z,34494.89,36600,34225.43,35911.73
2021-06-30T00:00:00Z,35911.72,36100,34017.55,35045
2021-07-01T00:00:00Z,35045,35057.57,32711,33504.69
2021-07-02T00:00:00Z,33502.33,33977.04,32699,33786.55
2021-07-03T00:00:00Z,33786.54,34945.61,33316.73,34669.13
2021-07-04T00:00:00Z,34669.12,35967.85,34357.15,35286.51
2021-07-05T00:00:00Z,35288.13,35293.78,33125.55,33690.14
2021-07-06T00:00:00Z,33690.15,35118.88,33532,34220.01
2021-07-07T00:00:00Z,34220.02,35059.09,33777.77,33862.12
2021-07-08T00:00:00Z,33862.11,33929.64,32077,32875.71
2021-07-09T00:00:00Z,32875.71,34100,32261.07,33815.81
2021-07-10T00:00:00Z,33815.81,34262,33004.78,33502.87
2021-07-11T00:00:00Z,33502.87,34666,33306.47,34258.99
2021-07-12T00:00:00Z,34259,34678.43,32658.34,33086.63
2021-07-13T00:00:00Z,33086.94,33340,32202.25,32729.77
2021-07-14T00:00:00Z,32729.12,33114.03,31550,32820.02
2021-07-15T00:00:00Z,32820.03,33185.25,31133,31880
2021-07-16T00:00:00Z,31874.49,32249.18,31020,31383.87
2021-07-17T00:00:00Z,31383.86,31955.92,31164.31,31520.07
2021-07-18T00:00:00Z,31520.07,32435,31108.97,31778.56
2021-07-19T00:00:00Z,31778.57,31899,30407.44,30839.65
2021-07-20T00:00:00Z,30839.65,31063.07,29278,29790.35
2021-07-21T00:00:00Z,29790.34,32858,29482.61,32144.51
2021-07-22T00:00:00Z,32144.51,32591.35,31708,32287.83
2021-07-23T00:00:00Z,32287.58,33650,31924.32,33634.09
2021-07-24T00:00:00Z,33634.1,34500,33401.14,34258.14
2021-07-25T00:00:00Z,34261.51,35398,33851.12,35381.02
2021-07-26T00:00:00Z,35381.02,40550,35205.78,37237.6
2021-07-27T00:00:00Z,37241.33,39542.61,36383,39457.87
2021-07-28T00:00:00Z,39456.61,40900,38772,40019.56
2021-07-29T00:00:00Z,40019.57,40640,39200,40016.48
2021-07-30T00:00:00Z,40018.49,42316.71,38313.23,42206.37
2021-07-31T00:00:00Z,42206.36,42448,41000.15,41461.83
2021-08-01T00:00:00Z,41461.84,42599,39422.01,39845.44
2021-08-02T00:00:00Z,39850.27,40480.01,38690,39147.82
2021-08-03T00:00:00Z,39146.86,39780,37642.03,38207.05
2021-08-04T00:00:00Z,38207.04,39969.66,37508.56,39723.18
2021-08-05T00:00:00Z,39723.17,41350,37332.7,40862.46
2021-08-06T00:00:00Z,40862.46,43392.43,39853.86,42836.87
2021-08-07T00:00:00Z,42836.87,44700,42446.41,44572.54
2021-08-08T00:00:00Z,44572.54,45310,43261,43794.37
2021-08-09T00:00:00Z,43794.36,46454.15,42779,46253.4
2021-08-10T00:00:00Z,46248.87,46700,44589.46,45584.99
2021-08-11T00:00:00Z,45585,46743.47,45341.14,45511
2021-08-12T00:00:00Z,45510.67,46218.12,43770,44399
2021-08-13T00:00:00Z,44400.06,47886,44217.39,47800
2021-08-14T00:00:00Z,47799.99,48144,45971.03,47068.51
2021-08-15T00:00:00Z,47068.5,47372.27,45500,46973.82
2021-08-16T00:00:00Z,46973.82,48053.83,45660,45901.29
2021-08-17T00:00:00Z,45901.3,47160,44376,44695.95
2021-08-18T00:00:00Z,44695.95,46000,44203.28,44705.29
2021-08-19T00:00:00Z,44699.37,47033,43927.7,46760.62
2021-08-20T00:00:00Z,46760.62,49382.99,46622.99,49322.47
2021-08-21T00:00:00Z,49322.47,49757.04,48222,48821.87
2021-08-22T00:00:00Z,48821.88,49500,48050,49239.22
2021-08-23T00:00:00Z,49239.22,50500,49029,49488.85
2021-08-24T00:00:00Z,49488.85,49860,47600,47674.01
2021-08-25T00:00:00Z,47674.01,49264.3,47126.28,48973.32
2021-08-26T00:00:00Z,48973.32,49352.84,46250,46843.87
2021-08-27T00:00:00Z,46843.86,49149.93,46348,49069.9
2021-08-28T00:00:00Z,49069.9,49299,48346.88,48895.35
2021-08-29T00:00:00Z,48895.35,49632.27,47762.54,48767.83
2021-08-30T00:00:00Z,48767.84,48888.61,46853,46982.91
2021-08-31T00:00:00Z,46982.91,48246.11,46700,47100.89
2021-09-01T00:00:00Z,47100.89,49156,46512,48810.52
2021-09-02T00:00:00Z,48810.51,50450.13,48584.06,49246.64
2021-09-03T00:00:00Z,49246.63,51000,48316.84,49999.14
2021-09-04T00:00:00Z,49998,50535.69,49370,49915.64
2021-09-05T00:00:00Z,49917.54,51900,49450,51756.88
2021-09-06T00:00:00Z,51756.88,52780,50969.33,52663.9
2021-09-07T00:00:00Z,52666.2,52920,42843.05,46863.73
2021-09-08T00:00:00Z,46868.57,47340.99,44412.02,46048.31
2021-09-09T00:00:00Z,46048.31,47399.97,45513.08,46395.14
2021-09-10T00:00:00Z,46395.14,47033,44132.29,44850.91
2021-09-11T00:00:00Z,44842.2,45987.93,44722.22,45173.69
2021-09-12T00:00:00Z,45173.68,46460,44742.06,46025.24
2021-09-13T00:00:00Z,46025.23,46880,43370,44940.73
2021-09-14T00:00:00Z,44940.72,47250,44594.44,47111.52
2021-09-15T00:00:00Z,47103.28,48500,46682.32,48121.41
2021-09-16T00:00:00Z,48121.4,48557,47021.1,47737.82
2021-09-17T00:00:00Z,47737.81,48150,46699.56,47299.98
2021-09-18T00:00:00Z,47299.98,48843.2,47035.56,48292.74
2021-09-19T00:00:00Z,48292.75,48372.83,46829.18,47241.75
2021-09-20T00:00:00Z,47241.75,47347.25,42500,43015.62
2021-09-21T00:00:00Z,43016.64,43639,39600,40734.38
2021-09-22T00:00:00Z,40734.09,44000.55,40565.39,43543.61
2021-09-23T00:00:00Z,43546.37,44978,43069.09,44865.26
2021-09-24T00:00:00Z,44865.26,45200,40675,42810.57
2021-09-25T00:00:00Z,42810.58,42966.84,41646.28,42670.64
2021-09-26T00:00:00Z,42670.63,43950,40750,43160.9
2021-09-27T00:00:00Z,43160.9,44350,42098,42147.35
2021-09-28T00:00:00Z,42147.35,42787.38,40888,41026.54
2021-09-29T00:00:00Z,41025.01,42590,40753.88,41524.28
2021-09-30T00:00:00Z,41524.29,44141.37,41410.17,43824.1
2021-10-01T00:00:00Z,43820.01,48495,43283.03,48141.61
2021-10-02T00:00:00Z,48141.6,48336.59,47430.18,47634.9
2021-10-03T00:00:00Z,47634.89,49228.08,47088,48200.01
2021-10-04T00:00:00Z,48200.01,49536.12,46891,49224.94
2021-10-05T00:00:00Z,49224.93,51886.3,49022.4,51471.99
2021-10-06T00:00:00Z,51471.99,55750,50382.41,55315
2021-10-07T00:00:00Z,55315,55332.31,53357,53785.22
2021-10-08T00:00:00Z,53785.22,56100,53617.61,53951.43
2021-10-09T00:00:00Z,53955.67,55489,53661.67,54949.72
2021-10-10T00:00:00Z,54949.72,56561.31,54080,54659
2021-10-11T00:00:00Z,54659.01,57839.04,54415.06,57471.35
2021-10-12T00:00:00Z,57471.35,57680,53879,55996.93
2021-10-13T00:00:00Z,55996.91,57777,54167.19,57367
2021-10-14T00:00:00Z,57370.83,58532.54,56818.05,57347.94
2021-10-15T00:00:00Z,57347.94,62933,56850,61672.42
2021-10-16T00:00:00Z,61672.42,62378.42,60150,60875.57
2021-10-17T00:00:00Z,60875.57,61718.39,58963,61528.33
2021-10-18T00:00:00Z,61528.32,62695.78,59844.45,62009.84
2021-10-19T00:00:00Z,62005.6,64486,61322.22,64280.59
2021-10-20T00:00:00Z,64280.59,67000,63481.4,66001.41
2021-10-21T00:00:00Z,66001.4,66639.74,62000,62193.15
2021-10-22T00:00:00Z,62193.15,63732.39,60000,60688.22
2021-10-23T00:00:00Z,60688.23,61747.64,59562.15,61286.75
2021-10-24T00:00:00Z,61286.75,61500,59510.63,60852.22
2021-10-25T00:00:00Z,60852.22,63710.63,60650,63078.78
2021-10-26T00:00:00Z,63078.78,63293.48,59817.55,60328.81
2021-10-27T00:00:00Z,60328.81,61496,58000,58413.44
2021-10-28T00:00:00Z,58413.44,62499,57820,60575.89
2021-10-29T00:00:00Z,60575.9,62980,60174.81,62253.71
2021-10-30T00:00:00Z,62253.7,62359.25,60673,61859.19
2021-10-31T00:00:00Z,61859.19,62405.3,59945.36,61299.8
2021-11-01T00:00:00Z,61299.81,62437.74,59405,60911.11
2021-11-02T00:00:00Z,60911.12,64270,60624.68,63219.99
2021-11-03T00:00:00Z,63220.57,63500,60382.76,62896.48
2021-11-04T00:00:00Z,62896.49,63086.31,60677.01,61395.01
2021-11-05T00:00:00Z,61395.01,62595.72,60721,60937.12
2021-11-06T00:00:00Z,60940.18,61560.49,60050,61470.61
2021-11-07T00:00:00Z,61470.62,63286.35,61322.78,63273.59
2021-11-08T00:00:00Z,63273.58,67789,63273.58,67525.83
2021-11-09T00:00:00Z,67525.82,68524.25,66222.4,66947.66
2021-11-10T00:00:00Z,66947.67,69000,62822.9,64882.43
2021-11-11T00:00:00Z,64882.42,65600.07,64100,64774.26
2021-11-12T00:00:00Z,64774.25,65450.7,62278,64122.23
2021-11-13T00:00:00Z,64122.22,65000,63360.22,64380
2021-11-14T00:00:00Z,64380.01,65550.51,63576.27,65519.1
2021-11-15T00:00:00Z,65519.11,66401.82,63400,63606.74
2021-11-16T00:00:00Z,63606.73,63617.31,58574.07,60058.87
2021-11-17T00:00:00Z,60058.87,60840.23,58373,60344.87
2021-11-18T00:00:00Z,60344.86,60976,56474.26,56891.62
2021-11-19T00:00:00Z,56891.62,58320,55600,58052.24
2021-11-20T00:00:00Z,58057.1,59845,57353,59707.51
2021-11-21T00:00:00Z,59707.52,60029.76,58486.65,58622.02
2021-11-22T00:00:00Z,58617.7,59444,55610,56247.18
2021-11-23T00:00:00Z,56243.83,58009.99,55317,57541.27
2021-11-24T00:00:00Z,57541.26,57735,55837,57138.29
2021-11-25T00:00:00Z,57138.29,59398.9,57000,58960.36
2021-11-26T00:00:00Z,58960.37,59150,53500,53726.53
2021-11-27T00:00:00Z,53723.72,55280,53610,54721.03
2021-11-28T00:00:00Z,54716.47,57445.05,53256.64,57274.88
2021-11-29T00:00:00Z,57274.89,58865.97,56666.67,57776.25
2021-11-30T00:00:00Z,57776.25,59176.99,55875.55,56950.56
2021-12-01T00:00:00Z,56950.56,59053.55,56458.01,57184.07
2021-12-02T00:00:00Z,57184.07,57375.47,55777.77,56480.34
2021-12-03T00:00:00Z,56484.26,57600,51680,53601.05
2021-12-04T00:00:00Z,53601.05,53859.1,42000.3,49152.47
2021-12-05T00:00:00Z,49152.46,49699.05,47727.21,49396.33
2021-12-06T00:00:00Z,49396.32,50891.11,47100,50441.92
2021-12-07T00:00:00Z,50441.91,51936.33,50039.74,50588.95
2021-12-08T00:00:00Z,50588.95,51200,48600,50471.19
2021-12-09T00:00:00Z,50471.19,50797.76,47320,47545.59
2021-12-10T00:00:00Z,47535.9,50125,46852,47140.54
2021-12-11T00:00:00Z,47140.54,49485.71,46751,49389.99
2021-12-12T00:00:00Z,49389.99,50777,48638,50053.9
2021-12-13T00:00:00Z,50053.9,50189.97,45672.75,46702.75
2021-12-14T00:00:00Z,46702.76,48700.41,46290,48343.28
2021-12-15T00:00:00Z,48336.95,49500,46547,48864.98
2021-12-16T00:00:00Z,48864.98,49436.43,47511,47632.38
2021-12-17T00:00:00Z,47632.38,47995.96,45456,46131.2
2021-12-18T00:00:00Z,46133.83,47392.37,45500,46834.48
2021-12-19T00:00:00Z,46834.47,48300.01,46406.91,46681.23
2021-12-20T00:00:00Z,46681.24,47537.57,45558.85,46914.16
2021-12-21T00:00:00Z,46914.17,49328.96,46630,48889.88
2021-12-22T00:00:00Z,48887.59,49576.13,48421.87,48588.16
2021-12-23T00:00:00Z,48588.17,51375,47920.42,50838.81
2021-12-24T00:00:00Z,50838.82,51810,50384.43,50820
2021-12-25T00:00:00Z,50819.99,51156.23,50142.32,50399.66
2021-12-26T00:00:00Z,50399.67,51280,49412,50775.49
2021-12-27T00:00:00Z,50775.48,52088,50449,50701.44
2021-12-28T00:00:00Z,50701.44,50704.05,47313.01,47543.74
2021-12-29T00:00:00Z,47543.74,48139.08,46096.99,46464.66
2021-12-30T00:00:00Z,46464.66,47900,45900,47120.87
2021-12-31T00:00:00Z,47120.88,48548.26,45678,46216.93
2022-01-01T00:00:00Z,46216.93,47954.63,46208.37,47722.65
2022-01-02T00:00:00Z,47722.66,47990,46654,47286.18
2022-01-03T00:00:00Z,47286.18,47570,45696,46446.1
2022-01-04T00:00:00Z,46446.1,47557.54,45500,45832.01
2022-01-05T00:00:00Z,45832.01,47070,42500,43451.13
2022-01-06T00:00:00Z,43451.14,43816,42430.58,43082.31
2022-01-07T00:00:00Z,43082.3,43145.83,40610,41566.48
2022-01-08T00:00:00Z,41566.48,42300,40501,41679.74
2022-01-09T00:00:00Z,41679.74,42786.7,41200.02,41864.62
2022-01-10T00:00:00Z,41864.62,42248.5,39650,41822.49
2022-01-11T00:00:00Z,41822.49,43100,41268.93,42729.29
2022-01-12T00:00:00Z,42729.29,44322,42450,43902.66
2022-01-13T00:00:00Z,43902.65,44500,42565.01,42844.67